AreaName,AreaNumber,Time Range,Total,Not Hispanic or Latino: Asian alone,Not Hispanic or Latino: Black or African American alone,Hispanic or Latino,Not Hispanic or Latino: White alone,Not Hispanic or Latino: Other
Rogers Park,1,1980,55525,#N/A,5095,6621,38699,5110
Rogers Park,1,1990,60378,5100,15885,12005,27030,358
Rogers Park,1,2000*,63484,4063,18767,17639,20170,2845
Rogers Park,1,2010,54991,3523,14461,13433,21618,1956
Rogers Park,1,2008-2012,57559,3876,15662,14280,21819,1922
Rogers Park,1,2009-2013,57165,3450,15461,14189,22304,1761
Rogers Park,1,2010-2014,55053,3526,14325,13530,22094,1578
Rogers Park,1,2011-2015,54402,3501,13320,13135,22769,1677
West Ridge,2,1980,61129,#N/A,436,2266,52949,5478
West Ridge,2,1990,65374,10523,2045,5398,47098,310
West Ridge,2,2000*,73199,16347,4962,11353,36403,4134
West Ridge,2,2010,71942,16184,8015,14701,30706,2336
West Ridge,2,2008-2012,73705,17078,7683,15260,31779,1905
West Ridge,2,2009-2013,73305,17702,7529,13994,31630,2450
West Ridge,2,2010-2014,73019,17097,7644,13088,32839,2351
West Ridge,2,2011-2015,72211,16868,8110,12672,31978,2583
Uptown,3,1980,64414,#N/A,9416,14984,30561,9453
Uptown,3,1990,63839,8859,15134,14398,24743,705
Uptown,3,2000*,63551,8206,13415,12674,26784,2472
Uptown,3,2010,56362,6414,11275,8009,29098,1566
Uptown,3,2008-2012,54995,6402,11062,7010,28769,1752
Uptown,3,2009-2013,54449,5803,10796,6627,29312,1911
Uptown,3,2010-2014,54062,5285,10785,6964,28972,2056
Uptown,3,2011-2015,55137,4854,11445,6402,30371,2065
Lincoln Square,4,1980,43954,#N/A,228,4973,33991,4762
Lincoln Square,4,1990,44891,5980,1087,10353,27068,403
Lincoln Square,4,2000*,44574,5921,1342,11831,23716,1764
Lincoln Square,4,2010,39493,4399,1488,7562,24916,1128
Lincoln Square,4,2008-2012,38622,4015,1764,7483,24332,1028
Lincoln Square,4,2009-2013,38667,4513,1793,6333,24949,1079
Lincoln Square,4,2010-2014,39547,4738,1525,6236,25865,1183
Lincoln Square,4,2011-2015,40761,4480,1398,7184,26405,1294
North Center,5,1980,35161,#N/A,390,6684,26185,1902
North Center,5,1990,33010,1692,992,9048,21070,208
North Center,5,2000*,31895,1324,1333,6496,21938,804
North Center,5,2010,31867,1449,738,4330,24634,716
North Center,5,2008-2012,33418,1392,473,4376,26348,829
North Center,5,2009-2013,34534,1270,639,4962,26755,908
North Center,5,2010-2014,34815,1313,594,4817,27043,1048
North Center,5,2011-2015,34623,1493,674,4987,26322,1147
Lake View,6,1980,97519,#N/A,6558,18333,66037,6591
Lake View,6,1990,91031,3917,5575,12932,68204,403
Lake View,6,2000*,94817,5143,4193,8268,75363,1850
Lake View,6,2010,94368,5653,3651,7198,75845,2021
Lake View,6,2008-2012,96539,6661,3567,7268,77037,2006
Lake View,6,2009-2013,96541,6310,3245,7294,77336,2356
Lake View,6,2010-2014,97968,6639,3430,7133,78123,2643
Lake View,6,2011-2015,98212,6764,3428,7125,78186,2709
Lincoln Park,7,1980,57146,#N/A,4800,5991,44258,2097
Lincoln Park,7,1990,61092,1413,3590,3981,51968,140
Lincoln Park,7,2000*,64320,2325,3323,3254,54341,1077
Lincoln Park,7,2010,64116,3296,2753,3571,53138,1358
Lincoln Park,7,2008-2012,64631,3712,2731,4238,52663,1287
Lincoln Park,7,2009-2013,65889,3330,2766,4665,53706,1422
Lincoln Park,7,2010-2014,65951,3633,2691,4771,53345,1511
Lincoln Park,7,2011-2015,66959,3806,3204,4418,53676,1855
Near North Side,8,1980,67167,#N/A,21812,1944,42090,1321
Near North Side,8,1990,62842,1718,14538,1856,44622,108
Near North Side,8,2000*,72811,4434,13884,2805,50397,1291
Near North Side,8,2010,80484,8140,8732,3974,58033,1605
Near North Side,8,2008-2012,80516,8731,7625,4491,57777,1892
Near North Side,8,2009-2013,83215,8762,8217,4853,59441,1942
Near North Side,8,2010-2014,84305,9031,7908,4828,60299,2239
Near North Side,8,2011-2015,85711,9723,7910,4530,61334,2214
Edison Park,9,1980,12457,#N/A,#N/A,120,12236,101
Edison Park,9,1990,11426,148,3,217,11053,5
Edison Park,9,2000*,11259,200,19,463,10503,74
Edison Park,9,2010,11187,269,29,872,9885,132
Edison Park,9,2008-2012,11135,242,0,500,10265,128
Edison Park,9,2009-2013,10884,258,#N/A,686,9834,106
Edison Park,9,2010-2014,10993,218,117,857,9701,100
Edison Park,9,2011-2015,11356,167,120,1063,9926,80
Norwood Park,10,1980,40585,#N/A,7,390,39690,498
Norwood Park,10,1990,37719,704,19,1005,35947,44
Norwood Park,10,2000*,37669,1216,332,2409,33288,424
Norwood Park,10,2010,37023,1696,164,4442,30157,564
Norwood Park,10,2008-2012,37429,1706,311,4935,30115,362
Norwood Park,10,2009-2013,36988,1471,363,5419,29171,564
Norwood Park,10,2010-2014,36486,1354,343,4508,29607,674
Norwood Park,10,2011-2015,36083,1513,335,4272,29164,799
Jefferson Park,11,1980,24583,#N/A,5,395,23803,380
Jefferson Park,11,1990,23649,778,16,1041,21762,52
Jefferson Park,11,2000*,25859,1237,81,2881,21101,559
Jefferson Park,11,2010,25448,2256,265,4927,17475,525
Jefferson Park,11,2008-2012,26771,2518,369,5343,18075,466
Jefferson Park,11,2009-2013,27212,2689,344,5682,18061,436
Jefferson Park,11,2010-2014,26975,2341,340,5374,18362,558
Jefferson Park,11,2011-2015,27264,2444,250,6218,17761,591
Forest Glen,12,1980,18991,#N/A,11,295,18144,541
Forest Glen,12,1990,17655,1054,9,583,15992,17
Forest Glen,12,2000*,18165,1586,71,1389,14793,326
Forest Glen,12,2010,18508,1989,137,2126,13815,441
Forest Glen,12,2008-2012,18542,2207,300,2408,13354,273
Forest Glen,12,2009-2013,18710,2356,153,2213,13734,254
Forest Glen,12,2010-2014,18478,2547,31,2357,13275,268
Forest Glen,12,2011-2015,18437,2470,177,2204,13242,344
North Park,13,1980,15273,#N/A,136,846,12627,1664
North Park,13,1990,16236,3308,129,1481,11267,51
North Park,13,2000*,18514,4415,452,2652,10336,659
North Park,13,2010,17931,4600,573,3224,8847,687
North Park,13,2008-2012,18739,5178,314,3428,9358,461
North Park,13,2009-2013,19218,5402,381,3457,9531,447
North Park,13,2010-2014,18058,4359,531,3864,8998,306
North Park,13,2011-2015,18442,4541,473,3632,9358,438
Albany Park,14,1980,46075,#N/A,261,9074,29014,7726
Albany Park,14,1990,49501,11470,1491,15738,20458,344
Albany Park,14,2000*,57655,10178,1907,26741,15866,2963
Albany Park,14,2010,51542,7430,2076,25487,15054,1495
Albany Park,14,2008-2012,53897,6710,2177,28257,15844,909
Albany Park,14,2009-2013,54018,7324,2147,27953,15392,1202
Albany Park,14,2010-2014,52930,7387,2017,26892,15421,1213
Albany Park,14,2011-2015,52079,8275,2215,25003,15349,1237
Portage Park,15,1980,57349,#N/A,47,1486,54812,1004
Portage Park,15,1990,56513,1594,146,4419,50244,110
Portage Park,15,2000*,65340,2467,336,15022,45418,2097
Portage Park,15,2010,64124,2972,856,24861,34329,1106
Portage Park,15,2008-2012,63619,2715,811,26388,32429,1276
Portage Park,15,2009-2013,63594,2461,757,27363,31867,1146
Portage Park,15,2010-2014,64427,2866,827,26980,32755,999
Portage Park,15,2011-2015,64846,2918,812,27108,32643,1365
Irving Park,16,1980,49489,#N/A,59,4267,42173,2990
Irving Park,16,1990,50159,4093,409,12222,33193,242
Irving Park,16,2000*,58643,4362,1121,25401,25912,1847
Irving Park,16,2010,53359,3736,1736,24332,22234,1321
Irving Park,16,2008-2012,56513,4004,1668,25449,24229,1163
Irving Park,16,2009-2013,56841,3984,1536,26387,23748,1186
Irving Park,16,2010-2014,56490,4287,1646,26558,22492,1507
Irving Park,16,2011-2015,56520,4641,1271,26359,22650,1599
Dunning,17,1980,37860,#N/A,182,613,36704,361
Dunning,17,1990,36957,839,158,1882,34038,40
Dunning,17,2000*,42164,1315,234,5441,34394,780
Dunning,17,2010,41932,1587,308,9997,29512,528
Dunning,17,2008-2012,42115,1617,426,9706,29975,391
Dunning,17,2009-2013,42405,1471,463,10439,29642,390
Dunning,17,2010-2014,43053,1583,694,11255,29060,461
Dunning,17,2011-2015,43025,1800,1035,11448,28340,402
Montclare,18,1980,10793,#N/A,#N/A,179,10516,98
Montclare,18,1990,10573,231,36,1199,9086,21
Montclare,18,2000*,12646,337,264,4865,6892,288
Montclare,18,2010,13426,377,598,7248,5041,162
Montclare,18,2008-2012,12401,552,524,6408,4780,137
Montclare,18,2009-2013,12283,912,519,6324,4387,141
Montclare,18,2010-2014,12840,740,464,7481,4051,104
Montclare,18,2011-2015,12973,611,575,8092,3615,80
Belmont Cragin,19,1980,53371,#N/A,43,3072,49212,1044
Belmont Cragin,19,1990,56787,1768,564,17066,37265,124
Belmont Cragin,19,2000*,78144,1989,2000,50881,21881,1393
Belmont Cragin,19,2010,78743,1537,2493,62101,11959,653
Belmont Cragin,19,2008-2012,77885,993,3822,59975,11897,1198
Belmont Cragin,19,2009-2013,78279,938,3323,61516,11658,844
Belmont Cragin,19,2010-2014,79069,1273,2804,62790,11249,953
Belmont Cragin,19,2011-2015,79210,1187,2485,63377,11298,863
Hermosa,20,1980,19547,#N/A,53,6101,12704,689
Hermosa,20,1990,23131,459,310,15923,6354,85
Hermosa,20,2000*,26908,319,649,22574,3086,280
Hermosa,20,2010,25010,294,757,21860,1913,186
Hermosa,20,2008-2012,25068,111,196,22612,1974,175
Hermosa,20,2009-2013,25265,149,332,22750,1842,192
Hermosa,20,2010-2014,24836,204,377,22174,1814,267
Hermosa,20,2011-2015,25489,355,379,22491,1880,384
Avondale,21,1980,33527,#N/A,50,6863,25289,1325
Avondale,21,1990,35579,1102,332,13359,20653,133
Avondale,21,2000*,43083,953,669,26700,12757,2004
Avondale,21,2010,39262,1194,991,25295,11166,616
Avondale,21,2008-2012,41542,1289,1110,27177,11010,956
Avondale,21,2009-2013,40262,1268,794,25639,11699,862
Avondale,21,2010-2014,39117,1297,873,23537,12629,781
Avondale,21,2011-2015,39721,1305,842,24563,12327,684
Logan Square,22,1980,84768,#N/A,2004,43829,36848,2087
Logan Square,22,1990,82605,935,4497,54740,22081,352
Logan Square,22,2000*,82715,1087,4290,53833,21742,1763
Logan Square,22,2010,72791,1828,3900,37295,28514,1254
Logan Square,22,2008-2012,73786,2061,4710,35140,30665,1210
Logan Square,22,2009-2013,73929,2265,4305,34779,31369,1211
Logan Square,22,2010-2014,74055,1896,3934,34658,32081,1486
Logan Square,22,2011-2015,74549,2124,3452,34677,32784,1512
Humboldt Park,23,1980,70879,#N/A,24957,28872,15061,1989
Humboldt Park,23,1990,67573,488,33077,29735,4068,205
Humboldt Park,23,2000*,65836,239,31207,31607,2184,599
Humboldt Park,23,2010,56323,222,23030,30046,2502,523
Humboldt Park,23,2008-2012,54351,147,22680,27823,3009,692
Humboldt Park,23,2009-2013,52788,104,21481,27886,2852,465
Humboldt Park,23,2010-2014,54515,270,22604,28095,2863,683
Humboldt Park,23,2011-2015,55011,271,22481,28612,2958,689
West Town,24,1980,96428,#N/A,8299,54693,30232,3204
West Town,24,1990,87703,745,7959,54361,24117,521
West Town,24,2000*,87435,1510,7979,40966,34445,2535
West Town,24,2010,82236,3106,6404,23901,47051,1774
West Town,24,2008-2012,84087,3310,7106,24074,48007,1590
West Town,24,2009-2013,83632,3109,6471,23975,48110,1967
West Town,24,2010-2014,84319,3244,6188,23730,48787,2370
West Town,24,2011-2015,85582,3413,6466,23239,49892,2572
Austin,25,1980,138026,#N/A,101341,8148,25385,3152
Austin,25,1990,114079,896,98504,4154,10391,134
Austin,25,2000*,117527,642,105369,4841,5662,1013
Austin,25,2010,98514,573,83837,8722,4364,1018
Austin,25,2008-2012,98162,351,83844,8756,4463,748
Austin,25,2009-2013,97997,446,82991,9253,4456,851
Austin,25,2010-2014,99711,475,83987,10249,4213,787
Austin,25,2011-2015,97643,481,81066,11132,4353,611
West Garfield Park,26,1980,33865,#N/A,33281,278,204,102
West Garfield Park,26,1990,24095,17,23834,133,87,24
West Garfield Park,26,2000*,23019,18,22564,201,133,103
West Garfield Park,26,2010,18001,8,17315,348,133,197
West Garfield Park,26,2008-2012,19377,18,18764,240,274,81
West Garfield Park,26,2009-2013,18715,26,18166,156,290,77
West Garfield Park,26,2010-2014,18885,49,18083,399,289,65
West Garfield Park,26,2011-2015,17733,61,16954,353,315,50
East Garfield Park,27,1980,31580,#N/A,31058,263,195,64
East Garfield Park,27,1990,24030,14,23674,151,163,28
East Garfield Park,27,2000*,20881,25,20296,207,235,118
East Garfield Park,27,2010,20567,83,18696,850,698,240
East Garfield Park,27,2008-2012,21316,92,20043,368,662,151
East Garfield Park,27,2009-2013,20705,81,19248,518,712,146
East Garfield Park,27,2010-2014,20271,59,18543,680,827,162
East Garfield Park,27,2011-2015,20665,57,18862,728,878,140
Near West Side,28,1980,57305,#N/A,42452,5705,7311,1837
Near West Side,28,1990,46197,2283,30700,4416,8672,126
Near West Side,28,2000*,46419,4861,24546,4415,11731,866
Near West Side,28,2010,54881,8022,17303,5048,23042,1466
Near West Side,28,2008-2012,54151,7976,17319,4795,22669,1392
Near West Side,28,2009-2013,55877,7917,17328,5890,23559,1183
Near West Side,28,2010-2014,58899,8731,17802,6046,25091,1229
Near West Side,28,2011-2015,61768,9626,18772,6186,25876,1308
North Lawndale,29,1980,61534,#N/A,59034,1653,655,192
North Lawndale,29,1990,47296,33,45371,1471,358,63
North Lawndale,29,2000*,41768,54,39164,1896,383,271
North Lawndale,29,2010,35912,74,32835,2144,492,367
North Lawndale,29,2008-2012,36074,72,33151,1800,797,254
North Lawndale,29,2009-2013,36169,85,32807,2187,681,409
North Lawndale,29,2010-2014,35623,84,32077,2358,713,391
North Lawndale,29,2011-2015,35276,99,31397,2470,811,499
South Lawndale,30,1980,75204,#N/A,6329,55700,12444,731
South Lawndale,30,1990,81155,88,6652,69131,5037,247
South Lawndale,30,2000*,91071,116,11759,75613,3210,373
South Lawndale,30,2010,79288,113,10374,65457,3056,288
South Lawndale,30,2008-2012,70557,115,7856,59370,3065,151
South Lawndale,30,2009-2013,69951,109,8014,59082,2587,159
South Lawndale,30,2010-2014,72881,170,8570,61499,2393,249
South Lawndale,30,2011-2015,73826,181,8158,62928,2267,292
Lower West Side,31,1980,44951,#N/A,403,34867,9223,458
Lower West Side,31,1990,45654,68,404,40227,4806,149
Lower West Side,31,2000*,44031,121,774,39144,3587,405
Lower West Side,31,2010,35769,371,1108,29486,4447,357
Lower West Side,31,2008-2012,36577,367,1175,30053,4562,420
Lower West Side,31,2009-2013,35353,379,1349,28835,4385,405
Lower West Side,31,2010-2014,34979,383,1294,28661,4303,338
Lower West Side,31,2011-2015,34410,598,1117,27693,4617,385
Loop,32,1980,6462,#N/A,1223,222,4667,350
Loop,32,1990,11954,439,2255,679,8550,31
Loop,32,2000*,16388,1625,3221,975,10169,398
Loop,32,2010,29283,4658,3361,2010,18359,895
Loop,32,2008-2012,26363,4362,3139,1452,16716,694
Loop,32,2009-2013,28614,5054,3454,1688,17626,792
Loop,32,2010-2014,30642,5131,3786,1823,19094,808
Loop,32,2011-2015,33442,5745,4131,2156,20378,1032
Near South Side,33,1980,7243,#N/A,6788,108,240,107
Near South Side,33,1990,6828,51,6305,108,354,10
Near South Side,33,2000*,9509,516,6052,377,2393,171
Near South Side,33,2010,21390,3307,6015,1202,10281,585
Near South Side,33,2008-2012,20245,3692,5585,1260,9143,565
Near South Side,33,2009-2013,21042,3762,5078,1257,10384,561
Near South Side,33,2010-2014,22021,4246,5558,1424,10087,706
Near South Side,33,2011-2015,22401,4450,5382,1393,10404,772
Armour Square,34,1980,12475,#N/A,3158,603,3683,5031
Armour Square,34,1990,10801,5596,2384,471,2326,24
Armour Square,34,2000*,12032,7305,2046,448,2062,171
Armour Square,34,2010,13391,9721,1419,464,1642,145
Armour Square,34,2008-2012,13710,9179,1680,644,1537,670
Armour Square,34,2009-2013,14120,9833,1670,508,1600,509
Armour Square,34,2010-2014,13850,9750,1479,543,1610,468
Armour Square,34,2011-2015,14007,10347,1348,426,1521,365
Douglas,35,1980,35700,#N/A,30769,313,3469,1149
Douglas,35,1990,30652,788,27957,253,1597,57
Douglas,35,2000*,26470,1390,22635,295,1745,405
Douglas,35,2010,18238,2313,13247,465,1810,403
Douglas,35,2008-2012,19111,2335,13699,570,2271,236
Douglas,35,2009-2013,19074,2452,13583,508,2279,252
Douglas,35,2010-2014,19430,2540,13815,426,2329,320
Douglas,35,2011-2015,20323,2917,14365,485,2165,391
Oakland,36,1980,16748,#N/A,16557,97,54,40
Oakland,36,1990,8197,7,8117,34,37,2
Oakland,36,2000*,6110,8,5957,58,40,47
Oakland,36,2010,5918,35,5567,87,122,107
Oakland,36,2008-2012,6260,57,5769,229,180,25
Oakland,36,2009-2013,6247,149,5779,200,105,14
Oakland,36,2010-2014,6473,140,6052,122,147,12
Oakland,36,2011-2015,6422,109,5946,209,142,16
Fuller Park,37,1980,5832,#N/A,5707,71,37,17
Fuller Park,37,1990,4364,2,4292,41,20,9
Fuller Park,37,2000*,3420,6,3225,116,18,55
Fuller Park,37,2010,2876,7,2651,132,47,39
Fuller Park,37,2008-2012,2924,11,2678,158,66,11
Fuller Park,37,2009-2013,2798,#N/A,2534,205,48,11
Fuller Park,37,2010-2014,2543,0,2289,191,52,11
Fuller Park,37,2011-2015,2457,0,2268,152,37,0
Grand Boulevard,38,1980,53741,#N/A,53096,350,170,125
Grand Boulevard,38,1990,35897,29,35574,146,96,52
Grand Boulevard,38,2000*,28006,21,27370,236,173,206
Grand Boulevard,38,2010,21929,57,20645,395,391,441
Grand Boulevard,38,2008-2012,23151,60,21091,698,944,358
Grand Boulevard,38,2009-2013,22616,100,20467,631,957,461
Grand Boulevard,38,2010-2014,22531,102,20748,474,702,505
Grand Boulevard,38,2011-2015,22750,117,20624,574,719,716
Kenwood,39,1980,21974,#N/A,16908,241,4285,540
Kenwood,39,1990,18178,453,13855,241,3564,65
Kenwood,39,2000*,18363,785,13900,301,2915,462
Kenwood,39,2010,17841,973,12821,542,2942,563
Kenwood,39,2008-2012,18180,1065,12840,749,3159,367
Kenwood,39,2009-2013,18021,1155,12552,745,3204,365
Kenwood,39,2010-2014,18217,1492,12362,701,3236,426
Kenwood,39,2011-2015,17601,1520,11916,667,2978,520
Washington Park,40,1980,31935,#N/A,31550,205,83,97
Washington Park,40,1990,19425,13,19268,48,69,27
Washington Park,40,2000*,14146,5,13798,134,74,135
Washington Park,40,2010,11717,12,11370,104,87,144
Washington Park,40,2008-2012,11146,9,10882,132,20,103
Washington Park,40,2009-2013,11530,#N/A,11202,170,13,145
Washington Park,40,2010-2014,11647,11,11070,246,33,287
Washington Park,40,2011-2015,12081,9,11595,158,48,271
Hyde Park,41,1980,31198,#N/A,11488,721,16952,2037
Hyde Park,41,1990,28630,2433,10714,895,14440,148
Hyde Park,41,2000*,29920,3366,11290,1230,13020,1014
Hyde Park,41,2010,25681,3185,7815,1626,11992,1063
Hyde Park,41,2008-2012,26541,2847,8851,1578,12446,819
Hyde Park,41,2009-2013,26831,3204,8888,1324,12561,854
Hyde Park,41,2010-2014,26705,3242,8519,1681,12298,965
Hyde Park,41,2011-2015,26893,3244,8047,1891,12584,1127
Woodlawn,42,1980,36323,#N/A,34560,285,1232,246
Woodlawn,42,1990,27473,164,26234,178,847,50
Woodlawn,42,2000*,27086,207,25518,288,761,312
Woodlawn,42,2010,23740,544,20605,504,1623,464
Woodlawn,42,2008-2012,24445,544,21283,543,1675,400
Woodlawn,42,2009-2013,24357,741,20784,505,1900,427
Woodlawn,42,2010-2014,25451,710,21693,617,1982,449
Woodlawn,42,2011-2015,26446,814,22555,695,1885,497
South Shore,43,1980,77743,#N/A,73312,917,2730,784
South Shore,43,1990,61517,94,59662,497,1141,123
South Shore,43,2000*,61556,85,59405,636,703,727
South Shore,43,2010,52010,124,49338,893,724,931
South Shore,43,2008-2012,47526,85,44885,685,717,1154
South Shore,43,2009-2013,49380,68,46691,735,718,1168
South Shore,43,2010-2014,48816,85,45844,1000,897,990
South Shore,43,2011-2015,49155,115,45990,784,1084,1182
Chatham,44,1980,40725,#N/A,39910,271,336,208
Chatham,44,1990,36779,41,36295,198,208,37
Chatham,44,2000*,37275,24,36538,220,121,372
Chatham,44,2010,31028,27,30160,311,112,418
Chatham,44,2008-2012,33244,23,32416,158,178,469
Chatham,44,2009-2013,31898,28,31220,126,168,356
Chatham,44,2010-2014,31493,90,30636,230,202,335
Chatham,44,2011-2015,31359,129,30297,287,388,258
Avalon Park,45,1980,13792,#N/A,13185,109,369,129
Avalon Park,45,1990,11711,30,11429,81,148,23
Avalon Park,45,2000*,11147,19,10816,85,96,131
Avalon Park,45,2010,10185,19,9751,153,81,181
Avalon Park,45,2008-2012,9617,34,9296,29,168,90
Avalon Park,45,2009-2013,9951,43,9620,35,193,60
Avalon Park,45,2010-2014,10098,30,9721,59,220,68
Avalon Park,45,2011-2015,9813,59,9553,62,53,86
South Chicago,46,1980,46422,#N/A,21773,18229,5967,453
South Chicago,46,1990,40776,42,24672,13644,2290,128
South Chicago,46,2000*,38596,49,26253,10565,1135,594
South Chicago,46,2010,31198,67,23296,6774,599,462
South Chicago,46,2008-2012,29458,86,21206,6962,927,277
South Chicago,46,2009-2013,29052,133,21308,6570,837,204
South Chicago,46,2010-2014,28550,106,20802,6494,875,273
South Chicago,46,2011-2015,28095,116,20818,6083,782,296
Burnside,47,1980,3942,#N/A,3470,100,327,45
Burnside,47,1990,3314,2,3191,16,105,0
Burnside,47,2000*,3294,7,3180,34,40,33
Burnside,47,2010,2916,0,2849,20,19,28
Burnside,47,2008-2012,3508,0,3488,0,20,0
Burnside,47,2009-2013,2837,#N/A,2819,#N/A,18,#N/A
Burnside,47,2010-2014,2618,0,2618,0,0,0
Burnside,47,2011-2015,2601,0,2601,0,0,0
Calumet Heights,48,1980,20505,#N/A,17667,1481,1063,294
Calumet Heights,48,1990,17453,89,15983,920,430,31
Calumet Heights,48,2000*,15974,33,14817,747,206,171
Calumet Heights,48,2010,13812,26,12897,569,126,194
Calumet Heights,48,2008-2012,14382,14,13487,601,195,85
Calumet Heights,48,2009-2013,13854,13,12829,689,217,106
Calumet Heights,48,2010-2014,13400,19,12462,519,269,131
Calumet Heights,48,2011-2015,13732,5,12835,443,308,141
Roseland,49,1980,64372,#N/A,62424,550,1104,294
Roseland,49,1990,56493,56,55661,283,430,63
Roseland,49,2000*,52723,31,51568,363,276,485
Roseland,49,2010,44619,27,43447,458,188,499
Roseland,49,2008-2012,45285,217,43581,357,503,627
Roseland,49,2009-2013,44495,151,42853,488,505,498
Roseland,49,2010-2014,44267,150,42822,489,471,335
Roseland,49,2011-2015,42505,185,40846,450,557,467
Pullman,50,1980,10341,#N/A,7872,642,1738,89
Pullman,50,1990,9344,17,7316,780,1206,25
Pullman,50,2000*,8921,15,7262,795,757,92
Pullman,50,2010,7325,5,6122,571,522,105
Pullman,50,2008-2012,7262,39,6131,549,522,21
Pullman,50,2009-2013,6934,30,5626,675,582,21
Pullman,50,2010-2014,6970,42,5735,570,605,18
Pullman,50,2011-2015,6501,34,5380,551,464,72
South Deering,51,1980,19400,#N/A,10509,4763,3922,206
South Deering,51,1990,17755,20,10417,5038,2230,50
South Deering,51,2000*,16990,8,10335,5176,1287,184
South Deering,51,2010,15109,18,9354,4809,725,203
South Deering,51,2008-2012,16445,49,10022,5198,891,285
South Deering,51,2009-2013,15743,41,10056,4813,678,155
South Deering,51,2010-2014,15570,36,9722,4931,709,172
South Deering,51,2011-2015,15305,8,9971,4580,592,154
East Side,52,1980,21331,#N/A,25,2678,18446,182
East Side,52,1990,20450,35,10,8177,12179,49
East Side,52,2000*,23653,57,242,16113,6951,290
East Side,52,2010,23042,53,777,18076,3969,167
East Side,52,2008-2012,23517,101,636,18602,4091,87
East Side,52,2009-2013,23526,116,581,18577,4158,94
East Side,52,2010-2014,23739,34,398,19148,4086,73
East Side,52,2011-2015,23817,28,684,18992,4049,64
West Pullman,53,1980,44904,#N/A,40441,2309,1981,173
West Pullman,53,1990,39846,38,37285,1771,703,49
West Pullman,53,2000*,36649,16,34277,1699,328,329
West Pullman,53,2010,29651,14,27593,1509,166,369
West Pullman,53,2008-2012,30810,0,28797,1388,390,235
West Pullman,53,2009-2013,29796,52,27991,1224,314,215
West Pullman,53,2010-2014,28160,51,26297,1275,279,258
West Pullman,53,2011-2015,27973,67,26123,1351,280,152
Riverdale,54,1980,13539,#N/A,12984,176,336,43
Riverdale,54,1990,10821,2,10527,150,120,22
Riverdale,54,2000*,9809,7,9479,160,66,97
Riverdale,54,2010,6482,2,6251,132,32,65
Riverdale,54,2008-2012,6820,0,6678,136,0,6
Riverdale,54,2009-2013,7006,#N/A,6670,308,#N/A,28
Riverdale,54,2010-2014,7190,0,6910,180,74,26
Riverdale,54,2011-2015,7090,26,6676,278,77,33
Hegewisch,55,1980,11572,#N/A,29,718,10708,117
Hegewisch,55,1990,10136,49,66,1290,8719,12
Hegewisch,55,2000*,9781,32,130,2820,6553,246
Hegewisch,55,2010,9426,48,364,4671,4235,108
Hegewisch,55,2008-2012,10168,17,933,5169,3977,72
Hegewisch,55,2009-2013,9822,20,686,5059,3990,67
Hegewisch,55,2010-2014,9338,16,408,4887,3971,56
Hegewisch,55,2011-2015,8952,0,566,4243,4078,65
Garfield Ridge,56,1980,37935,#N/A,5084,1566,30821,464
Garfield Ridge,56,1990,33948,382,4337,2509,26681,39
Garfield Ridge,56,2000*,36101,328,4419,5948,24878,528
Garfield Ridge,56,2010,34513,346,2040,13515,18372,240
Garfield Ridge,56,2008-2012,33940,633,1964,13184,17958,201
Garfield Ridge,56,2009-2013,34709,605,1793,14368,17704,239
Garfield Ridge,56,2010-2014,34743,512,1461,15297,17169,304
Garfield Ridge,56,2011-2015,35632,422,1462,16618,16852,278
"Archer Heights,",57,1980,9708,#N/A,8,354,9225,121
"Archer Heights,",57,1990,9227,49,2,779,8388,9
"Archer Heights,",57,2000*,12644,48,74,5485,6752,285
"Archer Heights,",57,2010,13393,138,130,10182,2874,69
"Archer Heights,",57,2008-2012,13434,212,212,9932,3002,76
"Archer Heights,",57,2009-2013,14132,204,207,10724,2913,84
"Archer Heights,",57,2010-2014,13998,333,111,10585,2890,79
"Archer Heights,",57,2011-2015,13293,391,116,10126,2578,82
Brighton Park,58,1980,30770,#N/A,33,4539,25545,653
Brighton Park,58,1990,32207,611,17,12044,19431,104
Brighton Park,58,2000*,44912,1288,221,34409,8300,694
Brighton Park,58,2010,45368,2252,542,38693,3682,199
Brighton Park,58,2008-2012,44148,2718,568,37203,3625,34
Brighton Park,58,2009-2013,43567,3108,744,36267,3425,23
Brighton Park,58,2010-2014,44130,3032,577,37509,2950,62
Brighton Park,58,2011-2015,44202,2955,677,37620,2844,106
McKinley Park,59,1980,13248,#N/A,5,2129,11007,107
McKinley Park,59,1990,13297,319,10,5255,7665,48
McKinley Park,59,2000*,15962,1212,116,9819,4607,208
McKinley Park,59,2010,15612,2445,234,10111,2667,155
McKinley Park,59,2008-2012,16434,2641,489,10192,2978,134
McKinley Park,59,2009-2013,16538,2852,473,10026,2987,200
McKinley Park,59,2010-2014,16449,3185,446,9487,3104,227
McKinley Park,59,2011-2015,16336,3136,507,9612,2802,279
Bridgeport,60,1980,30923,#N/A,34,6584,23540,765
Bridgeport,60,1990,29877,4925,38,7796,17000,118
Bridgeport,60,2000*,33694,8808,354,10165,13819,548
Bridgeport,60,2010,31977,11038,672,8627,11225,415
Bridgeport,60,2008-2012,32430,10772,635,9264,10761,998
Bridgeport,60,2009-2013,32639,11424,753,8989,10584,889
Bridgeport,60,2010-2014,31939,10868,874,8941,10437,819
Bridgeport,60,2011-2015,33939,11726,951,9558,10842,862
New City,61,1980,55860,#N/A,12117,19945,23090,708
New City,61,1990,53226,119,21568,20906,10449,184
New City,61,2000*,51721,146,18252,25948,6789,586
New City,61,2010,44377,727,13148,25431,4697,374
New City,61,2008-2012,42107,563,12647,22513,5783,601
New City,61,2009-2013,41758,819,11974,22442,6151,372
New City,61,2010-2014,41598,927,11222,23536,5473,440
New City,61,2011-2015,41083,815,9832,24990,5094,352
West Elsdon,62,1980,12797,#N/A,7,297,12389,104
West Elsdon,62,1990,12266,62,4,1135,11055,10
West Elsdon,62,2000*,15921,136,74,7875,7461,375
West Elsdon,62,2010,18109,222,255,14314,3250,68
West Elsdon,62,2008-2012,18980,322,405,14811,3370,72
West Elsdon,62,2009-2013,19517,284,266,15402,3529,36
West Elsdon,62,2010-2014,19165,257,133,15354,3397,24
West Elsdon,62,2011-2015,19192,303,262,15385,3235,7
Gage Park,63,1980,24445,#N/A,163,2701,21212,369
Gage Park,63,1990,26957,205,1292,10574,14819,67
Gage Park,63,2000*,39193,161,2743,31079,4811,399
Gage Park,63,2010,39894,121,2161,35589,1892,131
Gage Park,63,2008-2012,39492,400,1745,35456,1872,19
Gage Park,63,2009-2013,39580,365,1545,35998,1627,45
Gage Park,63,2010-2014,40381,333,1336,37260,1421,31
Gage Park,63,2011-2015,41202,350,1342,38009,1460,41
Clearing,64,1980,22584,#N/A,5,916,21550,113
Clearing,64,1990,21490,119,9,1615,19712,35
Clearing,64,2000*,22331,152,137,4688,17047,307
Clearing,64,2010,23139,212,282,10484,11921,240
Clearing,64,2008-2012,22716,184,121,10460,11775,176
Clearing,64,2009-2013,23399,300,147,10554,12250,148
Clearing,64,2010-2014,24452,345,167,12005,11776,159
Clearing,64,2011-2015,24962,319,140,12361,11871,271
West Lawn,65,1980,24748,#N/A,52,599,23917,180
West Lawn,65,1990,23402,173,58,2519,20617,35
West Lawn,65,2000*,29235,272,760,15179,12540,484
West Lawn,65,2010,33355,210,1390,26669,4924,162
West Lawn,65,2008-2012,32950,95,1041,26078,5514,222
West Lawn,65,2009-2013,33199,108,1097,26576,5306,112
West Lawn,65,2010-2014,33477,143,932,26926,5350,126
West Lawn,65,2011-2015,32749,178,1067,26395,4989,120
Chicago Lawn,66,1980,46568,#N/A,4762,4940,35698,1168
Chicago Lawn,66,1990,51243,851,13404,14549,22216,223
Chicago Lawn,66,2000*,61412,393,32240,21534,6190,1055
Chicago Lawn,66,2010,55628,190,27403,25141,2419,475
Chicago Lawn,66,2008-2012,54807,439,29311,22881,1900,276
Chicago Lawn,66,2009-2013,55598,448,28451,24409,1934,356
Chicago Lawn,66,2010-2014,56293,421,27974,25583,1854,461
Chicago Lawn,66,2011-2015,55551,529,26100,26377,1873,672
West Englewood,67,1980,62069,#N/A,60546,686,716,121
West Englewood,67,1990,52772,48,51750,331,578,65
West Englewood,67,2000*,45282,29,44271,459,164,359
West Englewood,67,2010,35505,19,34178,774,130,404
West Englewood,67,2008-2012,35294,41,33477,904,429,443
West Englewood,67,2009-2013,34632,40,32827,985,358,422
West Englewood,67,2010-2014,34272,11,32203,1297,258,503
West Englewood,67,2011-2015,32156,19,29955,1563,235,384
Englewood,68,1980,59075,#N/A,58037,497,336,205
Englewood,68,1990,48434,66,47870,231,190,77
Englewood,68,2000*,40222,27,39352,347,178,318
Englewood,68,2010,30654,34,29847,325,105,343
Englewood,68,2008-2012,28824,13,28076,275,170,290
Englewood,68,2009-2013,28361,22,27426,308,188,417
Englewood,68,2010-2014,27297,73,26054,543,226,401
Englewood,68,2011-2015,26121,76,24810,682,199,354
Greater Grand Crossing,69,1980,45218,#N/A,44466,266,271,215
Greater Grand Crossing,69,1990,38644,21,38217,189,170,47
Greater Grand Crossing,69,2000*,38619,26,37779,276,146,392
Greater Grand Crossing,69,2010,32602,21,31590,388,180,423
Greater Grand Crossing,69,2008-2012,32873,25,31659,451,324,414
Greater Grand Crossing,69,2009-2013,32804,37,31348,577,392,450
Greater Grand Crossing,69,2010-2014,32849,20,31332,602,419,476
Greater Grand Crossing,69,2011-2015,32346,22,31077,358,466,423
Ashburn,70,1980,40477,#N/A,1082,905,38026,464
Ashburn,70,1990,37092,358,3697,2331,30656,50
Ashburn,70,2000*,39584,408,17045,6674,14546,911
Ashburn,70,2010,41081,276,18976,15132,6251,446
Ashburn,70,2008-2012,42788,121,22047,13148,7152,320
Ashburn,70,2009-2013,42821,156,20940,14699,6814,212
Ashburn,70,2010-2014,42809,195,20584,15384,6232,414
Ashburn,70,2011-2015,42752,284,20817,15455,5555,641
Auburn Gresham,71,1980,65132,#N/A,63708,463,738,223
Auburn Gresham,71,1990,59808,28,59172,204,350,54
Auburn Gresham,71,2000*,55928,45,54862,347,237,437
Auburn Gresham,71,2010,48743,33,47661,459,134,456
Auburn Gresham,71,2008-2012,49634,77,48680,484,135,258
Auburn Gresham,71,2009-2013,48934,118,47594,653,127,442
Auburn Gresham,71,2010-2014,47611,126,46204,672,175,434
Auburn Gresham,71,2011-2015,45842,126,44402,689,231,394
Beverly,72,1980,23360,#N/A,3151,308,19749,152
Beverly,72,1990,22385,114,5369,393,16451,58
Beverly,72,2000*,21992,121,7006,643,13814,408
Beverly,72,2010,20034,112,6838,915,11785,384
Beverly,72,2008-2012,21226,61,7366,1092,12358,349
Beverly,72,2009-2013,21762,47,7792,1304,12157,462
Beverly,72,2010-2014,21002,83,7601,1169,11761,388
Beverly,72,2011-2015,20815,101,7257,1414,11604,439
Washington Heights,73,1980,36453,#N/A,35644,177,518,114
Washington Heights,73,1990,32114,20,31621,140,293,40
Washington Heights,73,2000*,29843,9,29108,231,193,302
Washington Heights,73,2010,26493,12,25793,258,121,309
Washington Heights,73,2008-2012,26021,2,25390,189,257,183
Washington Heights,73,2009-2013,26241,1,25267,290,248,435
Washington Heights,73,2010-2014,26435,1,25394,359,198,483
Washington Heights,73,2011-2015,27116,0,25968,287,351,510
Mount Greenwood,74,1980,20084,#N/A,92,154,19767,71
Mount Greenwood,74,1990,19179,70,247,362,18473,27
Mount Greenwood,74,2000*,18820,61,672,723,17127,237
Mount Greenwood,74,2010,19093,126,987,1382,16413,185
Mount Greenwood,74,2008-2012,18475,169,937,937,16318,114
Mount Greenwood,74,2009-2013,18397,169,827,1120,16110,171
Mount Greenwood,74,2010-2014,18357,410,826,1040,15870,211
Mount Greenwood,74,2011-2015,18783,383,664,1205,16289,242
Morgan Park,75,1980,29315,#N/A,18226,280,10661,148
Morgan Park,75,1990,26740,82,17225,340,9043,50
Morgan Park,75,2000*,25226,83,16816,533,7510,284
Morgan Park,75,2010,22544,92,15039,619,6473,321
Morgan Park,75,2008-2012,22681,124,14511,519,7175,352
Morgan Park,75,2009-2013,23568,103,14828,464,7760,413
Morgan Park,75,2010-2014,23204,52,15131,623,6925,473
Morgan Park,75,2011-2015,22908,54,15125,638,6546,545
O'Hare,76,1980,11068,#N/A,163,288,10374,243
O'Hare,76,1990,11192,307,312,519,10037,17
O'Hare,76,2000*,11956,885,258,773,9735,305
O'Hare,76,2010,12756,1058,403,1212,9845,238
O'Hare,76,2008-2012,13687,1158,200,1878,10087,364
O'Hare,76,2009-2013,13700,1300,175,1740,10080,405
O'Hare,76,2010-2014,14143,1359,150,1675,10375,584
O'Hare,76,2011-2015,13483,1487,104,1150,10130,612
Edgewater,77,1980,58561,#N/A,6368,7805,37256,7132
Edgewater,77,1990,60703,7041,11643,10567,31070,382
Edgewater,77,2000*,62198,7172,10564,12176,29782,2504
Edgewater,77,2010,56521,6582,8104,9318,30889,1628
Edgewater,77,2008-2012,55333,6733,8114,9019,29573,1894
Edgewater,77,2009-2013,55548,6953,7390,9455,29695,2055
Edgewater,77,2010-2014,55276,6482,7685,9007,30151,1951
Edgewater,77,2011-2015,54873,6340,7853,8918,29912,1850