AreaName,AreaNumber,Time Range,Total,"Less than $10,000","$10,000 to $14,999","$15,000 to $19,999","$20,000 to $24,999","$25,000 to $29,999","$30,000 to $34,999","$35,000 to $39,999","$40,000 to $44,999","$45,000 to $49,999","$50,000 to $59,999","$60,000 to $74,999","$75,000 to $99,999","$100,000 to $124,999","$125,000 to $149,999","$150,000 to $199,999","$200,000 or more"
Rogers Park,1,1970,26926,#N/A,#N/A,#N/A,#N/A,#N/A,#N/A,#N/A,#N/A,#N/A,#N/A,#N/A,#N/A,#N/A,#N/A,#N/A,#N/A
Rogers Park,1,1980,26245,#N/A,#N/A,#N/A,#N/A,#N/A,#N/A,#N/A,#N/A,#N/A,#N/A,#N/A,#N/A,#N/A,#N/A,#N/A,#N/A
Rogers Park,1,1990,25317,4294,3369,2732,2806,2394,2079,1758,1254,974,1474,988,841,133,102,119,#N/A
Rogers Park,1,2000,25503,3624,2192,2115,1865,2170,2197,1810,1566,1190,1917,1807,1382,785,331,291,261
Rogers Park,1,2008-2012,23981,3062,1969,1546,1515,1515,1298,1271,1065,964,1692,2334,1925,1295,1285,717,528
Rogers Park,1,2009-2013,24004,3079,1913,1535,1726,1405,1249,1233,1005,1012,1834,2337,2109,1397,1165,615,390
Rogers Park,1,2010-2014,23487,2946,1753,1903,1900,1334,1100,1377,1035,844,1794,2042,2092,1207,1002,640,518
Rogers Park,1,2011-2015,23820,3096,1675,1838,1809,1548,1281,1491,984,867,1856,2079,2128,1327,664,700,477
West Ridge,2,1970,24015,#N/A,#N/A,#N/A,#N/A,#N/A,#N/A,#N/A,#N/A,#N/A,#N/A,#N/A,#N/A,#N/A,#N/A,#N/A,#N/A
West Ridge,2,1980,24962,#N/A,#N/A,#N/A,#N/A,#N/A,#N/A,#N/A,#N/A,#N/A,#N/A,#N/A,#N/A,#N/A,#N/A,#N/A,#N/A
West Ridge,2,1990,25078,3494,1953,2210,2254,2010,2036,1868,1562,1342,2051,1935,1512,450,160,241,#N/A
West Ridge,2,2000,25536,2383,1882,1415,1618,1518,1786,1832,1340,1478,2417,2739,2436,1238,583,420,451
West Ridge,2,2008-2012,24402,1873,1519,1601,1288,1441,1473,1411,1514,1102,2019,2176,2626,1510,1148,1089,612
West Ridge,2,2009-2013,24169,2166,1164,1846,1077,1396,1201,1283,1394,1361,1836,2329,2671,1694,1029,1019,703
West Ridge,2,2010-2014,24245,2052,1101,1831,1253,999,1346,1400,1364,1266,2033,2245,2718,1906,1018,1042,671
West Ridge,2,2011-2015,24406,2303,986,1846,1495,1176,1343,1415,1395,1118,1876,1993,2671,1953,1111,895,830
Uptown,3,1970,33116,#N/A,#N/A,#N/A,#N/A,#N/A,#N/A,#N/A,#N/A,#N/A,#N/A,#N/A,#N/A,#N/A,#N/A,#N/A,#N/A
Uptown,3,1980,28259,#N/A,#N/A,#N/A,#N/A,#N/A,#N/A,#N/A,#N/A,#N/A,#N/A,#N/A,#N/A,#N/A,#N/A,#N/A,#N/A
Uptown,3,1990,28094,8554,3002,2627,2371,2450,1933,1340,986,774,1393,1170,741,379,162,212,#N/A
Uptown,3,2000,30676,6147,2253,2100,1824,1927,2163,1538,1438,1198,2401,2470,2197,1181,660,622,557
Uptown,3,2008-2012,29441,5197,1997,2042,1304,1160,1222,1052,1062,896,2088,2069,3299,2170,1095,1608,1180
Uptown,3,2009-2013,29203,4934,2285,1835,1378,1152,1224,989,908,896,1988,2161,3384,2230,1122,1494,1223
Uptown,3,2010-2014,29295,4816,2178,1846,1480,1210,1179,1056,1029,883,1913,2162,3387,2215,1069,1426,1446
Uptown,3,2011-2015,29231,4566,1955,1775,1615,1370,1208,846,1155,883,1891,2206,3244,2334,1045,1359,1779
Lincoln Square,4,1970,18992,#N/A,#N/A,#N/A,#N/A,#N/A,#N/A,#N/A,#N/A,#N/A,#N/A,#N/A,#N/A,#N/A,#N/A,#N/A,#N/A
Lincoln Square,4,1980,18753,#N/A,#N/A,#N/A,#N/A,#N/A,#N/A,#N/A,#N/A,#N/A,#N/A,#N/A,#N/A,#N/A,#N/A,#N/A,#N/A
Lincoln Square,4,1990,18163,2542,1908,2084,2041,1632,1694,1260,1115,743,1229,888,693,176,50,108,#N/A
Lincoln Square,4,2000,18655,1431,1134,1223,1087,1492,1316,1399,1233,1091,1761,1750,1860,825,428,303,322
Lincoln Square,4,2008-2012,17622,1205,590,865,839,791,640,774,936,580,1571,2176,2375,1266,840,1049,1125
Lincoln Square,4,2009-2013,17666,1357,609,857,641,860,612,842,1014,561,1337,1913,2231,1473,903,1107,1349
Lincoln Square,4,2010-2014,17723,1277,636,918,778,726,590,897,831,677,1186,2043,2249,1343,999,1126,1447
Lincoln Square,4,2011-2015,18253,1277,712,826,758,808,633,825,833,788,1271,2022,2231,1518,1061,1132,1558
North Center,5,1970,14519,#N/A,#N/A,#N/A,#N/A,#N/A,#N/A,#N/A,#N/A,#N/A,#N/A,#N/A,#N/A,#N/A,#N/A,#N/A,#N/A
North Center,5,1980,14067,#N/A,#N/A,#N/A,#N/A,#N/A,#N/A,#N/A,#N/A,#N/A,#N/A,#N/A,#N/A,#N/A,#N/A,#N/A,#N/A
North Center,5,1990,13761,2017,1069,1404,1416,1196,1141,1070,942,663,1105,893,525,171,67,82,#N/A
North Center,5,2000,14807,998,586,604,711,873,835,878,795,809,1521,1539,1759,1156,574,594,575
North Center,5,2008-2012,14724,638,306,342,510,425,416,411,450,549,918,1566,1738,1664,1023,1331,2437
North Center,5,2009-2013,14930,604,263,393,330,445,417,383,510,537,1015,1607,1864,1670,1042,1377,2473
North Center,5,2010-2014,14670,563,195,333,437,357,395,393,522,436,869,1472,2021,1719,1032,1336,2590
North Center,5,2011-2015,14543,517,218,333,412,305,476,416,494,448,828,1475,1910,1663,1054,1347,2647
Lake View,6,1970,52441,#N/A,#N/A,#N/A,#N/A,#N/A,#N/A,#N/A,#N/A,#N/A,#N/A,#N/A,#N/A,#N/A,#N/A,#N/A,#N/A
Lake View,6,1980,52167,#N/A,#N/A,#N/A,#N/A,#N/A,#N/A,#N/A,#N/A,#N/A,#N/A,#N/A,#N/A,#N/A,#N/A,#N/A,#N/A
Lake View,6,1990,53061,6722,3740,4112,5240,4698,4460,3868,3036,2589,3750,4027,2912,1531,735,1641,#N/A
Lake View,6,2000,57007,3793,2409,2032,2393,2767,3503,3492,3345,2699,4806,5968,7349,4384,2254,2563,3250
Lake View,6,2008-2012,52568,4003,1749,1596,1596,1628,1816,1751,2230,2114,3895,4731,6451,5091,3123,4256,6538
Lake View,6,2009-2013,52344,4334,1775,1438,1557,1536,1753,1691,2298,1972,3610,4723,6281,5196,3123,3986,7071
Lake View,6,2010-2014,52225,3709,1675,1510,1579,1722,1288,1844,2231,1909,3562,4837,6421,5575,3278,3934,7151
Lake View,6,2011-2015,52403,3455,1650,1516,1533,1616,1464,1805,2254,1644,3614,5173,6438,5634,3360,3888,7359
Lincoln Park,7,1970,29077,#N/A,#N/A,#N/A,#N/A,#N/A,#N/A,#N/A,#N/A,#N/A,#N/A,#N/A,#N/A,#N/A,#N/A,#N/A,#N/A
Lincoln Park,7,1980,31781,#N/A,#N/A,#N/A,#N/A,#N/A,#N/A,#N/A,#N/A,#N/A,#N/A,#N/A,#N/A,#N/A,#N/A,#N/A,#N/A
Lincoln Park,7,1990,34740,3982,1537,2026,2249,2522,2220,2303,1996,1610,2611,2944,2742,1921,1208,2869,#N/A
Lincoln Park,7,2000,35705,2718,1147,1115,1025,1117,1582,1459,1482,1308,2815,3346,4048,3050,2046,2558,4889
Lincoln Park,7,2008-2012,32194,2784,1137,949,984,513,1033,817,935,771,1737,2420,3816,3098,2159,2958,6083
Lincoln Park,7,2009-2013,32312,2694,1255,986,880,541,1127,744,990,800,1669,2736,3501,3235,2154,3106,5894
Lincoln Park,7,2010-2014,32271,2654,1267,888,778,545,999,742,1016,749,1726,2685,3653,3218,2020,3258,6073
Lincoln Park,7,2011-2015,32438,2400,1215,904,660,461,927,633,1004,642,1831,2669,3763,3285,2346,3356,6342
Near North Side,8,1970,33106,#N/A,#N/A,#N/A,#N/A,#N/A,#N/A,#N/A,#N/A,#N/A,#N/A,#N/A,#N/A,#N/A,#N/A,#N/A,#N/A
Near North Side,8,1980,36488,#N/A,#N/A,#N/A,#N/A,#N/A,#N/A,#N/A,#N/A,#N/A,#N/A,#N/A,#N/A,#N/A,#N/A,#N/A,#N/A
Near North Side,8,1990,37379,5941,1913,1866,2443,2399,2443,2091,1924,1600,2709,2601,2999,1770,941,3739,#N/A
Near North Side,8,2000,45547,4989,2043,1740,1538,1704,2018,2043,2093,1768,3512,4367,4591,3209,2202,2695,5035
Near North Side,8,2008-2012,50758,5292,1563,1390,1138,1304,1308,1158,1470,1170,3584,4579,6167,5186,2209,4386,8854
Near North Side,8,2009-2013,52539,5311,1680,1639,1478,1203,1543,1175,1446,1256,3472,4486,6117,5316,2528,4455,9434
Near North Side,8,2010-2014,52964,5273,1675,1447,1428,1126,1644,1374,1394,1109,3155,4649,6399,5226,2835,4807,9423
Near North Side,8,2011-2015,53764,5054,1686,1503,1523,1085,1750,1150,1324,1095,3294,4697,6819,5192,2782,4798,10012
Edison Park,9,1970,4340,#N/A,#N/A,#N/A,#N/A,#N/A,#N/A,#N/A,#N/A,#N/A,#N/A,#N/A,#N/A,#N/A,#N/A,#N/A,#N/A
Edison Park,9,1980,4715,#N/A,#N/A,#N/A,#N/A,#N/A,#N/A,#N/A,#N/A,#N/A,#N/A,#N/A,#N/A,#N/A,#N/A,#N/A,#N/A
Edison Park,9,1990,4713,349,272,359,309,283,267,437,337,319,651,622,343,90,59,16,#N/A
Edison Park,9,2000,4766,152,136,205,262,195,264,249,292,261,492,674,681,428,197,128,150
Edison Park,9,2008-2012,4608,116,111,85,269,154,139,133,144,118,383,360,887,603,297,434,375
Edison Park,9,2009-2013,4597,159,92,110,218,184,214,172,168,142,305,364,817,564,305,457,326
Edison Park,9,2010-2014,4491,96,91,116,194,99,268,223,144,118,304,422,754,511,290,481,380
Edison Park,9,2011-2015,4503,84,77,106,102,110,251,206,183,134,286,379,743,451,296,567,528
Norwood Park,10,1970,13475,#N/A,#N/A,#N/A,#N/A,#N/A,#N/A,#N/A,#N/A,#N/A,#N/A,#N/A,#N/A,#N/A,#N/A,#N/A,#N/A
Norwood Park,10,1980,14995,#N/A,#N/A,#N/A,#N/A,#N/A,#N/A,#N/A,#N/A,#N/A,#N/A,#N/A,#N/A,#N/A,#N/A,#N/A,#N/A
Norwood Park,10,1990,15184,1083,1275,1125,945,1023,1104,1203,1163,1009,1665,1526,1256,504,160,143,#N/A
Norwood Park,10,2000,15376,862,644,875,900,729,672,792,911,755,1430,1904,2237,1388,579,436,262
Norwood Park,10,2008-2012,14646,565,468,645,623,659,659,685,712,320,1119,1407,2387,1621,903,1199,674
Norwood Park,10,2009-2013,14356,648,452,667,648,591,553,713,744,395,1048,1211,2435,1420,1008,1037,786
Norwood Park,10,2010-2014,14332,729,455,760,572,575,393,747,528,419,1010,1313,2296,1534,1068,1040,893
Norwood Park,10,2011-2015,14245,836,466,645,462,501,391,626,609,423,1112,1395,1971,1768,1021,1041,978
Jefferson Park,11,1970,9752,#N/A,#N/A,#N/A,#N/A,#N/A,#N/A,#N/A,#N/A,#N/A,#N/A,#N/A,#N/A,#N/A,#N/A,#N/A,#N/A
Jefferson Park,11,1980,9914,#N/A,#N/A,#N/A,#N/A,#N/A,#N/A,#N/A,#N/A,#N/A,#N/A,#N/A,#N/A,#N/A,#N/A,#N/A,#N/A
Jefferson Park,11,1990,9934,1010,776,777,732,761,848,647,731,685,1003,1101,576,198,42,47,#N/A
Jefferson Park,11,2000,10492,607,501,593,696,490,598,680,551,567,934,1382,1328,810,292,322,141
Jefferson Park,11,2008-2012,9943,533,491,494,588,487,613,429,275,378,728,1105,1307,941,547,656,371
Jefferson Park,11,2009-2013,9909,489,527,528,512,459,635,410,428,312,629,928,1263,1073,654,707,355
Jefferson Park,11,2010-2014,10115,529,539,559,498,411,662,352,401,325,629,945,1414,922,735,707,487
Jefferson Park,11,2011-2015,10255,615,480,584,515,437,596,398,445,315,713,938,1285,982,603,771,578
Forest Glen,12,1970,6675,#N/A,#N/A,#N/A,#N/A,#N/A,#N/A,#N/A,#N/A,#N/A,#N/A,#N/A,#N/A,#N/A,#N/A,#N/A,#N/A
Forest Glen,12,1980,6803,#N/A,#N/A,#N/A,#N/A,#N/A,#N/A,#N/A,#N/A,#N/A,#N/A,#N/A,#N/A,#N/A,#N/A,#N/A,#N/A
Forest Glen,12,1990,6858,308,300,343,376,399,387,401,421,395,717,803,903,499,260,346,#N/A
Forest Glen,12,2000,6966,209,279,164,273,319,311,288,312,270,527,873,944,762,467,562,406
Forest Glen,12,2008-2012,6793,320,275,165,206,338,165,210,168,144,307,629,737,596,769,735,1029
Forest Glen,12,2009-2013,6736,278,261,103,244,268,176,244,209,135,279,616,800,692,688,724,1019
Forest Glen,12,2010-2014,6673,292,140,131,174,332,180,206,243,176,264,641,703,716,676,704,1095
Forest Glen,12,2011-2015,6656,263,172,103,195,211,167,241,192,159,306,576,693,801,623,782,1172
North Park,13,1970,5314,#N/A,#N/A,#N/A,#N/A,#N/A,#N/A,#N/A,#N/A,#N/A,#N/A,#N/A,#N/A,#N/A,#N/A,#N/A,#N/A
North Park,13,1980,5399,#N/A,#N/A,#N/A,#N/A,#N/A,#N/A,#N/A,#N/A,#N/A,#N/A,#N/A,#N/A,#N/A,#N/A,#N/A,#N/A
North Park,13,1990,5767,805,392,391,494,336,466,417,332,385,595,459,402,97,100,96,#N/A
North Park,13,2000,6515,685,385,273,396,281,319,347,286,334,636,753,838,414,198,193,177
North Park,13,2008-2012,6436,529,454,469,405,224,234,263,228,168,576,514,838,523,297,337,377
North Park,13,2009-2013,6443,510,334,535,302,151,281,279,177,217,498,572,955,524,347,448,313
North Park,13,2010-2014,6476,598,292,506,392,246,333,256,167,326,471,506,895,463,280,470,275
North Park,13,2011-2015,6530,546,246,490,439,278,343,250,258,335,440,531,847,429,345,476,277
Albany Park,14,1970,16617,#N/A,#N/A,#N/A,#N/A,#N/A,#N/A,#N/A,#N/A,#N/A,#N/A,#N/A,#N/A,#N/A,#N/A,#N/A,#N/A
Albany Park,14,1980,16272,#N/A,#N/A,#N/A,#N/A,#N/A,#N/A,#N/A,#N/A,#N/A,#N/A,#N/A,#N/A,#N/A,#N/A,#N/A,#N/A
Albany Park,14,1990,15744,2276,1596,1628,1693,1383,1214,1189,986,802,1202,969,562,193,15,36,#N/A
Albany Park,14,2000,17090,1766,1131,1176,983,1139,1138,1050,1027,1005,1708,1818,1602,688,377,199,283
Albany Park,14,2008-2012,16804,1271,1134,1198,1178,990,622,679,840,855,1297,1669,2003,1151,597,705,615
Albany Park,14,2009-2013,16609,1274,1006,1058,1029,968,760,678,734,786,1349,1683,2036,1266,473,736,773
Albany Park,14,2010-2014,16426,1194,877,806,1141,947,706,724,627,772,1383,1804,1908,1261,686,815,775
Albany Park,14,2011-2015,16473,1192,780,872,1149,1093,763,813,565,763,1252,1804,1912,1170,766,869,710
Portage Park,15,1970,22603,#N/A,#N/A,#N/A,#N/A,#N/A,#N/A,#N/A,#N/A,#N/A,#N/A,#N/A,#N/A,#N/A,#N/A,#N/A,#N/A
Portage Park,15,1980,22760,#N/A,#N/A,#N/A,#N/A,#N/A,#N/A,#N/A,#N/A,#N/A,#N/A,#N/A,#N/A,#N/A,#N/A,#N/A,#N/A
Portage Park,15,1990,22683,2408,1945,2067,2135,1891,1629,1822,1867,1320,2185,1722,1171,337,66,118,#N/A
Portage Park,15,2000,23731,1569,1301,1456,1266,1719,1647,1447,1430,1174,2364,2829,3012,1374,548,356,239
Portage Park,15,2008-2012,22505,1424,936,1160,1211,1157,1355,1188,1197,967,1706,2767,3076,2023,887,1038,413
Portage Park,15,2009-2013,22493,1453,964,1084,1207,1193,1537,1105,1063,1037,1694,2664,3006,2102,952,986,446
Portage Park,15,2010-2014,22489,1573,971,1107,1252,1000,1395,911,1020,998,1950,2633,3106,2068,940,1094,471
Portage Park,15,2011-2015,22592,1400,994,1082,1246,936,1350,993,1014,861,2019,2588,2890,2121,1033,1440,625
Irving Park,16,1970,20741,#N/A,#N/A,#N/A,#N/A,#N/A,#N/A,#N/A,#N/A,#N/A,#N/A,#N/A,#N/A,#N/A,#N/A,#N/A,#N/A
Irving Park,16,1980,20489,#N/A,#N/A,#N/A,#N/A,#N/A,#N/A,#N/A,#N/A,#N/A,#N/A,#N/A,#N/A,#N/A,#N/A,#N/A,#N/A
Irving Park,16,1990,19554,2510,1774,2122,1834,1943,1871,1523,1216,1090,1313,1196,731,247,67,117,#N/A
Irving Park,16,2000,20900,1500,1092,1179,1437,1666,1594,1358,1423,1179,2161,2374,1847,1057,551,218,264
Irving Park,16,2008-2012,20177,1077,1081,1072,1007,1456,1307,821,1069,1042,1355,1950,2602,1442,799,939,1158
Irving Park,16,2009-2013,20302,1233,1113,1070,1085,1327,1478,935,1154,1228,1303,1714,2319,1464,787,871,1221
Irving Park,16,2010-2014,20313,1301,917,1015,1168,1202,1220,1289,1113,1207,1531,1693,2470,1463,975,878,871
Irving Park,16,2011-2015,20300,1183,702,995,1151,1178,1365,1199,953,1053,1858,1736,2388,1643,1064,1004,828
Dunning,17,1970,13985,#N/A,#N/A,#N/A,#N/A,#N/A,#N/A,#N/A,#N/A,#N/A,#N/A,#N/A,#N/A,#N/A,#N/A,#N/A,#N/A
Dunning,17,1980,13879,#N/A,#N/A,#N/A,#N/A,#N/A,#N/A,#N/A,#N/A,#N/A,#N/A,#N/A,#N/A,#N/A,#N/A,#N/A,#N/A
Dunning,17,1990,14074,1475,1131,949,1166,976,1197,1209,971,888,1572,1269,923,224,69,55,#N/A
Dunning,17,2000,15561,837,715,837,910,759,950,896,1065,917,1688,1964,2170,1047,399,273,134
Dunning,17,2008-2012,15141,910,704,714,760,538,645,661,718,639,1104,1848,2410,1644,843,651,352
Dunning,17,2009-2013,15172,884,653,746,798,630,695,662,739,627,1106,1865,2373,1661,836,552,345
Dunning,17,2010-2014,15301,815,625,746,812,601,864,597,850,545,1055,1783,2318,1705,976,641,368
Dunning,17,2011-2015,15432,886,563,740,783,802,780,674,859,554,1104,1646,2427,1570,909,756,379
Montclare,18,1970,4070,#N/A,#N/A,#N/A,#N/A,#N/A,#N/A,#N/A,#N/A,#N/A,#N/A,#N/A,#N/A,#N/A,#N/A,#N/A,#N/A
Montclare,18,1980,4103,#N/A,#N/A,#N/A,#N/A,#N/A,#N/A,#N/A,#N/A,#N/A,#N/A,#N/A,#N/A,#N/A,#N/A,#N/A,#N/A
Montclare,18,1990,4044,404,337,333,312,364,402,289,346,249,365,337,236,48,16,6,#N/A
Montclare,18,2000,4125,197,240,214,277,250,279,318,200,248,441,366,561,386,75,65,8
Montclare,18,2008-2012,4425,437,168,343,238,350,227,308,236,98,440,381,483,354,164,83,115
Montclare,18,2009-2013,4350,364,207,301,218,405,283,236,220,138,457,342,488,351,139,106,95
Montclare,18,2010-2014,4403,445,232,227,172,457,262,322,279,154,457,188,546,354,135,67,106
Montclare,18,2011-2015,4397,474,178,212,180,447,269,284,265,141,430,166,561,427,178,33,152
Belmont Cragin,19,1970,20720,#N/A,#N/A,#N/A,#N/A,#N/A,#N/A,#N/A,#N/A,#N/A,#N/A,#N/A,#N/A,#N/A,#N/A,#N/A,#N/A
Belmont Cragin,19,1980,21294,#N/A,#N/A,#N/A,#N/A,#N/A,#N/A,#N/A,#N/A,#N/A,#N/A,#N/A,#N/A,#N/A,#N/A,#N/A,#N/A
Belmont Cragin,19,1990,20157,2637,1820,1868,1975,1810,1812,1797,1523,1082,1611,1218,619,209,93,83,#N/A
Belmont Cragin,19,2000,21916,1685,1184,1156,1222,1589,1548,1581,1503,1294,2604,2458,2221,873,438,351,209
Belmont Cragin,19,2008-2012,21570,1453,1336,1540,1440,1519,1401,1480,1326,1077,2198,2123,2196,1330,644,433,74
Belmont Cragin,19,2009-2013,21511,1245,1388,1337,1539,1550,1490,1567,1276,1051,2070,2210,2048,1499,675,512,54
Belmont Cragin,19,2010-2014,21506,1166,1414,1357,1603,1513,1466,1427,1246,959,2248,2210,2069,1459,678,585,106
Belmont Cragin,19,2011-2015,21754,1201,1556,1228,1617,1455,1466,1387,1361,900,2242,2251,2114,1460,806,548,162
Hermosa,20,1970,7090,#N/A,#N/A,#N/A,#N/A,#N/A,#N/A,#N/A,#N/A,#N/A,#N/A,#N/A,#N/A,#N/A,#N/A,#N/A,#N/A
Hermosa,20,1980,7089,#N/A,#N/A,#N/A,#N/A,#N/A,#N/A,#N/A,#N/A,#N/A,#N/A,#N/A,#N/A,#N/A,#N/A,#N/A,#N/A
Hermosa,20,1990,6724,1176,585,607,785,567,491,622,458,299,546,341,115,97,21,14,#N/A
Hermosa,20,2000,7202,823,469,543,585,460,351,557,494,433,673,772,605,229,92,47,69
Hermosa,20,2008-2012,7070,501,388,509,418,592,528,512,362,325,722,852,731,259,194,161,16
Hermosa,20,2009-2013,6948,531,350,567,491,600,581,509,318,274,572,821,637,306,203,171,17
Hermosa,20,2010-2014,6923,564,424,576,490,589,586,466,329,256,499,776,676,327,196,124,45
Hermosa,20,2011-2015,7099,520,438,623,436,576,530,513,313,337,573,682,756,335,245,154,68
Avondale,21,1970,13318,#N/A,#N/A,#N/A,#N/A,#N/A,#N/A,#N/A,#N/A,#N/A,#N/A,#N/A,#N/A,#N/A,#N/A,#N/A,#N/A
Avondale,21,1980,13160,#N/A,#N/A,#N/A,#N/A,#N/A,#N/A,#N/A,#N/A,#N/A,#N/A,#N/A,#N/A,#N/A,#N/A,#N/A,#N/A
Avondale,21,1990,12726,2190,1319,1256,1169,1218,1070,984,736,657,975,656,318,101,24,53,#N/A
Avondale,21,2000,13738,1403,1037,871,1047,1073,1065,1014,832,790,1304,1340,1141,364,181,119,157
Avondale,21,2008-2012,13801,980,761,645,893,750,941,801,870,959,1323,1569,1270,850,637,338,214
Avondale,21,2009-2013,13707,1045,787,686,792,900,985,801,907,950,1205,1337,1309,730,544,403,326
Avondale,21,2010-2014,13560,1007,714,786,898,991,920,780,769,790,1207,1395,1336,607,587,465,308
Avondale,21,2011-2015,13564,934,799,750,931,1070,843,804,698,824,1117,1455,1374,597,597,449,322
Logan Square,22,1970,30496,#N/A,#N/A,#N/A,#N/A,#N/A,#N/A,#N/A,#N/A,#N/A,#N/A,#N/A,#N/A,#N/A,#N/A,#N/A,#N/A
Logan Square,22,1980,29317,#N/A,#N/A,#N/A,#N/A,#N/A,#N/A,#N/A,#N/A,#N/A,#N/A,#N/A,#N/A,#N/A,#N/A,#N/A,#N/A
Logan Square,22,1990,26196,5919,2813,2747,2883,2407,2026,1557,1363,1105,1236,1110,604,263,103,60,#N/A
Logan Square,22,2000,28855,3467,2035,2011,2264,1879,2265,1844,1679,1487,2216,2690,2290,1135,605,449,539
Logan Square,22,2008-2012,29492,1965,1824,1282,1539,1769,1543,1367,1577,1133,2474,2613,3012,2403,1491,1852,1648
Logan Square,22,2009-2013,29533,2072,1857,1378,1792,1579,1435,1212,1364,1163,2242,2824,3146,2192,1350,2063,1864
Logan Square,22,2010-2014,29237,2083,1629,1262,1746,1414,1446,1172,1320,1036,2321,2934,3095,2273,1519,2091,1896
Logan Square,22,2011-2015,29195,1939,1617,1077,1741,1401,1412,1092,1187,955,2195,2875,3323,2386,1785,2142,2068
Humboldt Park,23,1970,21998,#N/A,#N/A,#N/A,#N/A,#N/A,#N/A,#N/A,#N/A,#N/A,#N/A,#N/A,#N/A,#N/A,#N/A,#N/A,#N/A
Humboldt Park,23,1980,21230,#N/A,#N/A,#N/A,#N/A,#N/A,#N/A,#N/A,#N/A,#N/A,#N/A,#N/A,#N/A,#N/A,#N/A,#N/A,#N/A
Humboldt Park,23,1990,18271,5190,2008,1923,1817,1389,1417,958,1040,511,830,711,357,49,30,41,#N/A
Humboldt Park,23,2000,17855,3294,1657,1440,1537,1290,1343,1192,1283,602,1428,1145,889,403,111,112,129
Humboldt Park,23,2008-2012,16778,3378,1265,1492,1128,1178,937,857,824,644,1172,1507,1286,426,292,259,133
Humboldt Park,23,2009-2013,16304,2969,1263,1375,1167,1260,1017,770,916,663,1150,1264,1375,525,196,240,154
Humboldt Park,23,2010-2014,16434,2778,1293,1302,1165,1125,1115,887,789,612,1111,1525,1518,618,179,255,162
Humboldt Park,23,2011-2015,16519,2975,1140,1306,1240,1079,1253,881,772,486,1028,1295,1668,675,231,315,175
West Town,24,1970,39240,#N/A,#N/A,#N/A,#N/A,#N/A,#N/A,#N/A,#N/A,#N/A,#N/A,#N/A,#N/A,#N/A,#N/A,#N/A,#N/A
West Town,24,1980,32233,#N/A,#N/A,#N/A,#N/A,#N/A,#N/A,#N/A,#N/A,#N/A,#N/A,#N/A,#N/A,#N/A,#N/A,#N/A,#N/A
West Town,24,1990,28767,8361,3291,3144,2926,2345,2103,1437,1154,830,1299,964,570,185,46,112,#N/A
West Town,24,2000,35316,4948,2490,2370,2043,2240,1932,2036,1799,1649,2832,3234,3062,1894,963,965,859
West Town,24,2008-2012,37287,2780,1493,1515,1786,1152,1273,1231,1528,1298,2612,3546,4521,3373,2594,3027,3558
West Town,24,2009-2013,36946,2578,1353,1562,1964,1228,1208,1056,1652,1295,2691,3228,4492,3511,2357,3003,3768
West Town,24,2010-2014,36779,2406,1405,1437,1734,1216,1216,961,1638,1219,2706,3464,4318,3517,2363,3065,4114
West Town,24,2011-2015,37294,2420,1469,1161,1663,1165,1075,930,1692,1276,2391,3424,4523,3784,2397,3335,4589
Austin,25,1970,42916,#N/A,#N/A,#N/A,#N/A,#N/A,#N/A,#N/A,#N/A,#N/A,#N/A,#N/A,#N/A,#N/A,#N/A,#N/A,#N/A
Austin,25,1980,41350,#N/A,#N/A,#N/A,#N/A,#N/A,#N/A,#N/A,#N/A,#N/A,#N/A,#N/A,#N/A,#N/A,#N/A,#N/A,#N/A
Austin,25,1990,33862,8311,2736,3027,2915,2588,2646,2401,1919,1587,2302,1930,1170,200,44,86,#N/A
Austin,25,2000,35195,6432,2371,2429,2331,2598,1897,2123,1956,1519,3043,3160,2725,1384,508,412,307
Austin,25,2008-2012,32428,4946,2757,3005,2555,2142,2145,1746,1410,1237,2367,2307,2719,1342,791,575,384
Austin,25,2009-2013,32059,4869,2738,2870,2609,2031,2386,1820,1541,1186,2083,2367,2657,1314,640,563,385
Austin,25,2010-2014,32277,5048,2907,2815,2453,2285,2197,1857,1478,1105,2189,2376,2587,1319,731,547,383
Austin,25,2011-2015,32037,4904,2783,2808,2494,2331,2137,1675,1409,1012,2254,2519,2559,1439,834,488,391
West Garfield Park,26,1970,12151,#N/A,#N/A,#N/A,#N/A,#N/A,#N/A,#N/A,#N/A,#N/A,#N/A,#N/A,#N/A,#N/A,#N/A,#N/A,#N/A
West Garfield Park,26,1980,9257,#N/A,#N/A,#N/A,#N/A,#N/A,#N/A,#N/A,#N/A,#N/A,#N/A,#N/A,#N/A,#N/A,#N/A,#N/A,#N/A
West Garfield Park,26,1990,6990,2650,828,863,537,476,309,353,256,199,236,167,85,26,5,#N/A,#N/A
West Garfield Park,26,2000,6866,1825,638,622,522,611,417,381,279,284,355,451,268,93,45,6,69
West Garfield Park,26,2008-2012,5714,1488,420,557,435,336,338,278,300,142,358,409,440,131,73,#N/A,9
West Garfield Park,26,2009-2013,5464,1300,505,583,335,339,388,226,264,180,373,348,415,99,88,5,16
West Garfield Park,26,2010-2014,5431,1307,468,543,366,374,363,204,248,197,360,389,445,58,74,22,13
West Garfield Park,26,2011-2015,5358,1281,550,503,437,294,347,207,233,179,343,348,455,63,74,25,19
East Garfield Park,27,1970,14288,#N/A,#N/A,#N/A,#N/A,#N/A,#N/A,#N/A,#N/A,#N/A,#N/A,#N/A,#N/A,#N/A,#N/A,#N/A,#N/A
East Garfield Park,27,1980,9895,#N/A,#N/A,#N/A,#N/A,#N/A,#N/A,#N/A,#N/A,#N/A,#N/A,#N/A,#N/A,#N/A,#N/A,#N/A,#N/A
East Garfield Park,27,1990,7246,3235,815,734,528,528,292,284,230,120,156,210,70,18,17,9,#N/A
East Garfield Park,27,2000,6535,1706,708,520,386,419,449,373,333,362,441,318,324,64,32,34,66
East Garfield Park,27,2008-2012,6896,1864,608,539,427,472,477,346,291,90,410,354,589,204,90,107,28
East Garfield Park,27,2009-2013,6900,1852,694,462,424,457,371,285,332,62,412,404,597,218,104,166,60
East Garfield Park,27,2010-2014,6881,1862,886,506,403,470,270,257,363,141,351,424,539,197,74,96,42
East Garfield Park,27,2011-2015,6924,2009,832,498,415,389,230,268,336,180,323,418,575,215,74,112,50
Near West Side,28,1970,21695,#N/A,#N/A,#N/A,#N/A,#N/A,#N/A,#N/A,#N/A,#N/A,#N/A,#N/A,#N/A,#N/A,#N/A,#N/A,#N/A
Near West Side,28,1980,18630,#N/A,#N/A,#N/A,#N/A,#N/A,#N/A,#N/A,#N/A,#N/A,#N/A,#N/A,#N/A,#N/A,#N/A,#N/A,#N/A
Near West Side,28,1990,16473,8482,1280,1170,773,793,631,606,397,356,636,536,378,159,118,158,#N/A
Near West Side,28,2000,18141,4876,1361,1105,945,845,751,817,778,523,1010,1280,1249,945,550,579,527
Near West Side,28,2008-2012,25665,3943,1243,832,875,888,505,628,615,555,1558,2417,3160,2474,1689,1984,2299
Near West Side,28,2009-2013,26291,4165,1196,930,849,820,528,647,673,574,1653,2237,3206,2502,1614,2313,2384
Near West Side,28,2010-2014,26973,4116,1204,1005,802,849,517,542,609,700,1342,2472,3292,2673,1874,2374,2602
Near West Side,28,2011-2015,27652,4135,1179,1020,943,633,563,543,604,740,1481,2452,2955,2695,1968,2699,3042
North Lawndale,29,1970,22577,#N/A,#N/A,#N/A,#N/A,#N/A,#N/A,#N/A,#N/A,#N/A,#N/A,#N/A,#N/A,#N/A,#N/A,#N/A,#N/A
North Lawndale,29,1980,17266,#N/A,#N/A,#N/A,#N/A,#N/A,#N/A,#N/A,#N/A,#N/A,#N/A,#N/A,#N/A,#N/A,#N/A,#N/A,#N/A
North Lawndale,29,1990,13905,6076,1660,1375,1187,704,749,587,391,283,483,185,166,44,#N/A,15,#N/A
North Lawndale,29,2000,12391,4213,1232,1048,867,844,657,659,349,389,548,703,477,205,95,72,33
North Lawndale,29,2008-2012,10852,2708,1195,989,788,697,479,552,450,296,603,792,752,295,52,90,114
North Lawndale,29,2009-2013,10811,2851,1010,1068,777,617,667,555,387,369,611,769,599,270,110,70,81
North Lawndale,29,2010-2014,10755,2655,1106,1046,858,601,643,452,491,337,549,831,587,372,110,76,41
North Lawndale,29,2011-2015,10869,2656,1203,1105,987,600,608,401,495,332,516,799,634,297,130,85,21
South Lawndale,30,1970,19057,#N/A,#N/A,#N/A,#N/A,#N/A,#N/A,#N/A,#N/A,#N/A,#N/A,#N/A,#N/A,#N/A,#N/A,#N/A,#N/A
South Lawndale,30,1980,19197,#N/A,#N/A,#N/A,#N/A,#N/A,#N/A,#N/A,#N/A,#N/A,#N/A,#N/A,#N/A,#N/A,#N/A,#N/A,#N/A
South Lawndale,30,1990,18445,3635,1964,2283,2578,1795,1519,1253,892,654,719,680,329,101,7,36,#N/A
South Lawndale,30,2000,19265,2649,1586,1418,1608,1629,1478,1614,1303,1092,1623,1327,1086,559,118,106,69
South Lawndale,30,2008-2012,16454,1355,1472,1734,1821,1106,1302,1439,1062,808,1456,1042,1102,339,253,83,80
South Lawndale,30,2009-2013,16690,1517,1495,1817,2012,1089,1369,1433,998,766,1362,1068,1035,370,240,68,51
South Lawndale,30,2010-2014,17447,1637,1682,1769,1811,1431,1420,1493,950,940,1424,1144,957,439,220,75,55
South Lawndale,30,2011-2015,18048,1772,1702,1912,1982,1430,1613,1428,937,908,1261,1370,845,504,211,109,64
Lower West Side,31,1970,13064,#N/A,#N/A,#N/A,#N/A,#N/A,#N/A,#N/A,#N/A,#N/A,#N/A,#N/A,#N/A,#N/A,#N/A,#N/A,#N/A
Lower West Side,31,1980,13034,#N/A,#N/A,#N/A,#N/A,#N/A,#N/A,#N/A,#N/A,#N/A,#N/A,#N/A,#N/A,#N/A,#N/A,#N/A,#N/A
Lower West Side,31,1990,12143,2868,1439,1627,1218,1243,1083,637,543,438,534,375,86,33,12,7,#N/A
Lower West Side,31,2000,12804,1789,1313,1379,1291,1059,1121,893,653,610,778,717,659,269,85,131,57
Lower West Side,31,2008-2012,12255,1212,912,1169,877,903,849,849,865,605,994,1041,935,474,274,192,104
Lower West Side,31,2009-2013,11997,1077,825,1130,971,1006,875,830,641,571,859,1182,971,424,345,188,102
Lower West Side,31,2010-2014,11901,1247,741,1011,1021,991,925,626,528,637,992,1154,944,460,285,192,147
Lower West Side,31,2011-2015,11958,1401,829,876,1001,928,825,546,693,674,911,1185,1014,449,282,223,121
Loop,32,1970,2902,#N/A,#N/A,#N/A,#N/A,#N/A,#N/A,#N/A,#N/A,#N/A,#N/A,#N/A,#N/A,#N/A,#N/A,#N/A,#N/A
Loop,32,1980,3853,#N/A,#N/A,#N/A,#N/A,#N/A,#N/A,#N/A,#N/A,#N/A,#N/A,#N/A,#N/A,#N/A,#N/A,#N/A,#N/A
Loop,32,1990,6785,485,153,305,328,379,470,544,440,406,654,732,707,468,219,495,#N/A
Loop,32,2000,8972,930,195,270,331,241,315,314,477,451,579,973,1164,719,535,727,751
Loop,32,2008-2012,14557,1491,588,226,311,429,239,430,297,418,938,1617,1833,1517,1096,1216,1911
Loop,32,2009-2013,15649,1432,790,238,245,453,328,370,370,479,933,1247,2076,1908,1160,1547,2073
Loop,32,2010-2014,16694,1517,784,156,238,414,422,233,517,478,890,1289,2282,1940,1251,1896,2387
Loop,32,2011-2015,18095,1750,918,225,246,341,350,271,562,485,1025,1125,2396,1848,1507,2315,2731
Near South Side,33,1970,2914,#N/A,#N/A,#N/A,#N/A,#N/A,#N/A,#N/A,#N/A,#N/A,#N/A,#N/A,#N/A,#N/A,#N/A,#N/A,#N/A
Near South Side,33,1980,2419,#N/A,#N/A,#N/A,#N/A,#N/A,#N/A,#N/A,#N/A,#N/A,#N/A,#N/A,#N/A,#N/A,#N/A,#N/A,#N/A
Near South Side,33,1990,2911,1768,208,190,208,99,143,61,48,72,40,50,24,#N/A,#N/A,#N/A,#N/A
Near South Side,33,2000,4684,1257,332,235,227,132,181,138,177,159,315,351,325,170,190,234,261
Near South Side,33,2008-2012,11517,1253,301,344,263,484,355,381,443,377,744,1014,1481,1232,542,959,1344
Near South Side,33,2009-2013,12191,1105,256,260,318,550,348,350,514,410,766,1328,1247,1360,573,1159,1647
Near South Side,33,2010-2014,12599,994,390,420,331,691,285,288,590,381,832,1150,1450,1474,560,1013,1750
Near South Side,33,2011-2015,12489,975,329,426,352,631,269,269,539,328,869,1098,1212,1483,698,1205,1806
Armour Square,34,1970,4035,#N/A,#N/A,#N/A,#N/A,#N/A,#N/A,#N/A,#N/A,#N/A,#N/A,#N/A,#N/A,#N/A,#N/A,#N/A,#N/A
Armour Square,34,1980,4505,#N/A,#N/A,#N/A,#N/A,#N/A,#N/A,#N/A,#N/A,#N/A,#N/A,#N/A,#N/A,#N/A,#N/A,#N/A,#N/A
Armour Square,34,1990,4109,1709,466,303,261,260,192,147,149,150,181,158,74,34,5,20,#N/A
Armour Square,34,2000,4736,1416,434,281,396,312,223,191,224,120,250,285,336,115,63,31,59
Armour Square,34,2008-2012,5359,1222,861,521,226,252,198,279,185,169,310,330,354,196,130,97,29
Armour Square,34,2009-2013,5228,1150,829,400,291,300,193,220,153,73,314,453,404,199,102,86,61
Armour Square,34,2010-2014,5150,1313,645,346,360,309,280,190,153,93,271,387,282,175,219,73,54
Armour Square,34,2011-2015,5204,1264,604,417,372,294,270,284,165,129,256,387,261,193,188,79,41
Douglas,35,1970,14918,#N/A,#N/A,#N/A,#N/A,#N/A,#N/A,#N/A,#N/A,#N/A,#N/A,#N/A,#N/A,#N/A,#N/A,#N/A,#N/A
Douglas,35,1980,14319,#N/A,#N/A,#N/A,#N/A,#N/A,#N/A,#N/A,#N/A,#N/A,#N/A,#N/A,#N/A,#N/A,#N/A,#N/A,#N/A
Douglas,35,1990,13067,5843,1128,1013,918,850,707,560,480,269,553,377,166,96,39,68,#N/A
Douglas,35,2000,10835,3271,944,636,583,542,652,628,565,390,724,770,500,304,151,66,109
Douglas,35,2008-2012,9023,1945,836,472,549,401,477,441,365,320,767,784,721,386,154,243,162
Douglas,35,2009-2013,8986,1985,752,591,574,285,428,445,517,250,663,947,669,356,197,220,107
Douglas,35,2010-2014,9071,2208,761,507,617,278,325,380,461,334,629,991,710,360,129,248,133
Douglas,35,2011-2015,9276,2346,781,589,691,276,349,368,531,285,625,855,750,300,145,254,131
Oakland,36,1970,5019,#N/A,#N/A,#N/A,#N/A,#N/A,#N/A,#N/A,#N/A,#N/A,#N/A,#N/A,#N/A,#N/A,#N/A,#N/A,#N/A
Oakland,36,1980,4894,#N/A,#N/A,#N/A,#N/A,#N/A,#N/A,#N/A,#N/A,#N/A,#N/A,#N/A,#N/A,#N/A,#N/A,#N/A,#N/A
Oakland,36,1990,2749,1966,187,168,58,133,66,42,28,6,52,22,11,10,#N/A,#N/A,#N/A
Oakland,36,2000,2270,1090,234,164,115,100,114,118,52,34,71,57,51,11,19,40,#N/A
Oakland,36,2008-2012,2743,693,303,281,308,63,118,107,118,40,43,203,121,103,61,136,45
Oakland,36,2009-2013,2825,727,386,235,247,72,97,166,132,66,77,201,98,76,67,114,64
Oakland,36,2010-2014,2810,722,351,210,126,151,110,155,160,87,109,189,73,90,51,87,139
Oakland,36,2011-2015,2793,706,280,153,140,171,179,126,136,97,130,218,130,115,34,61,117
Fuller Park,37,1970,1915,#N/A,#N/A,#N/A,#N/A,#N/A,#N/A,#N/A,#N/A,#N/A,#N/A,#N/A,#N/A,#N/A,#N/A,#N/A,#N/A
Fuller Park,37,1980,1930,#N/A,#N/A,#N/A,#N/A,#N/A,#N/A,#N/A,#N/A,#N/A,#N/A,#N/A,#N/A,#N/A,#N/A,#N/A,#N/A
Fuller Park,37,1990,1531,864,164,105,78,67,38,14,41,43,37,47,19,14,#N/A,#N/A,#N/A
Fuller Park,37,2000,1266,430,125,107,70,98,83,48,52,68,58,35,38,#N/A,8,8,38
Fuller Park,37,2008-2012,1146,368,189,123,27,115,25,66,54,54,18,31,63,13,#N/A,#N/A,#N/A
Fuller Park,37,2009-2013,1162,361,178,130,33,94,33,73,51,23,54,17,71,33,#N/A,#N/A,11
Fuller Park,37,2010-2014,1106,370,134,131,31,80,34,41,53,24,49,28,67,56,#N/A,#N/A,8
Fuller Park,37,2011-2015,1060,288,143,106,81,69,35,29,57,24,45,32,70,60,10,#N/A,11
Grand Boulevard,38,1970,23876,#N/A,#N/A,#N/A,#N/A,#N/A,#N/A,#N/A,#N/A,#N/A,#N/A,#N/A,#N/A,#N/A,#N/A,#N/A,#N/A
Grand Boulevard,38,1980,18601,#N/A,#N/A,#N/A,#N/A,#N/A,#N/A,#N/A,#N/A,#N/A,#N/A,#N/A,#N/A,#N/A,#N/A,#N/A,#N/A
Grand Boulevard,38,1990,12275,7546,1363,971,607,469,371,247,134,87,257,106,90,11,3,13,#N/A
Grand Boulevard,38,2000,10006,3864,1302,758,540,484,470,290,387,255,374,403,440,201,55,87,96
Grand Boulevard,38,2008-2012,9878,2000,987,738,662,538,454,389,322,206,704,687,866,582,189,308,246
Grand Boulevard,38,2009-2013,9936,2165,793,772,733,491,473,412,323,278,663,737,890,510,165,315,216
Grand Boulevard,38,2010-2014,9890,2183,996,692,629,408,474,483,294,294,670,719,853,527,114,317,237
Grand Boulevard,38,2011-2015,9831,2014,1048,837,593,438,490,403,310,282,703,651,779,508,175,327,273
Kenwood,39,1970,10563,#N/A,#N/A,#N/A,#N/A,#N/A,#N/A,#N/A,#N/A,#N/A,#N/A,#N/A,#N/A,#N/A,#N/A,#N/A,#N/A
Kenwood,39,1980,10006,#N/A,#N/A,#N/A,#N/A,#N/A,#N/A,#N/A,#N/A,#N/A,#N/A,#N/A,#N/A,#N/A,#N/A,#N/A,#N/A
Kenwood,39,1990,8639,2411,798,676,694,536,470,394,376,481,381,472,315,221,164,250,#N/A
Kenwood,39,2000,8936,1781,731,376,521,516,403,403,494,377,562,1018,657,405,169,169,354
Kenwood,39,2008-2012,9116,1425,777,764,396,464,388,527,500,221,537,660,777,524,247,355,554
Kenwood,39,2009-2013,9145,1474,725,698,471,441,585,434,475,189,644,508,813,576,234,339,539
Kenwood,39,2010-2014,9130,1512,581,596,525,472,527,380,510,195,604,594,721,697,225,388,603
Kenwood,39,2011-2015,8928,1413,590,534,572,454,595,368,330,246,645,576,723,655,299,336,592
Washington Park,40,1970,14696,#N/A,#N/A,#N/A,#N/A,#N/A,#N/A,#N/A,#N/A,#N/A,#N/A,#N/A,#N/A,#N/A,#N/A,#N/A,#N/A
Washington Park,40,1980,11028,#N/A,#N/A,#N/A,#N/A,#N/A,#N/A,#N/A,#N/A,#N/A,#N/A,#N/A,#N/A,#N/A,#N/A,#N/A,#N/A
Washington Park,40,1990,6442,3572,798,466,467,260,250,163,146,79,90,85,66,#N/A,#N/A,#N/A,#N/A
Washington Park,40,2000,4733,1709,640,431,380,236,266,166,96,96,185,222,131,76,9,26,64
Washington Park,40,2008-2012,4142,1182,404,334,260,275,197,215,127,200,168,242,311,140,28,30,29
Washington Park,40,2009-2013,4180,1378,382,382,242,215,154,187,174,138,206,258,268,73,25,55,43
Washington Park,40,2010-2014,4172,1196,356,420,251,253,166,228,131,127,235,308,290,73,42,43,53
Washington Park,40,2011-2015,4336,1228,364,453,295,267,189,230,152,131,248,334,254,92,51,19,29
Hyde Park,41,1970,14264,#N/A,#N/A,#N/A,#N/A,#N/A,#N/A,#N/A,#N/A,#N/A,#N/A,#N/A,#N/A,#N/A,#N/A,#N/A,#N/A
Hyde Park,41,1980,14545,#N/A,#N/A,#N/A,#N/A,#N/A,#N/A,#N/A,#N/A,#N/A,#N/A,#N/A,#N/A,#N/A,#N/A,#N/A,#N/A
Hyde Park,41,1990,13668,2521,1083,1273,1337,1017,981,841,733,557,797,814,676,415,231,392,#N/A
Hyde Park,41,2000,14373,2016,958,1153,899,900,1086,798,701,574,1098,1235,929,645,450,470,461
Hyde Park,41,2008-2012,12539,1730,578,586,770,896,404,604,398,509,963,1382,1003,774,313,785,844
Hyde Park,41,2009-2013,12558,1823,652,536,761,709,621,522,364,508,947,1377,1062,778,425,621,852
Hyde Park,41,2010-2014,12445,1865,706,443,675,681,648,428,480,398,1059,1377,969,838,526,561,791
Hyde Park,41,2011-2015,12468,1844,738,392,570,528,616,450,530,438,1039,1459,1035,931,456,530,912
Woodlawn,42,1970,19014,#N/A,#N/A,#N/A,#N/A,#N/A,#N/A,#N/A,#N/A,#N/A,#N/A,#N/A,#N/A,#N/A,#N/A,#N/A,#N/A
Woodlawn,42,1980,14138,#N/A,#N/A,#N/A,#N/A,#N/A,#N/A,#N/A,#N/A,#N/A,#N/A,#N/A,#N/A,#N/A,#N/A,#N/A,#N/A
Woodlawn,42,1990,10441,4298,1207,1308,821,622,473,531,173,280,315,208,157,27,12,9,#N/A
Woodlawn,42,2000,10145,3321,1205,780,642,806,580,429,337,342,598,442,352,195,15,53,48
Woodlawn,42,2008-2012,10302,2146,980,872,909,620,681,343,643,236,520,644,698,392,322,173,123
Woodlawn,42,2009-2013,10250,2238,1018,901,936,604,588,430,559,183,486,711,722,366,231,175,102
Woodlawn,42,2010-2014,10267,2230,943,979,761,680,616,465,481,274,541,648,711,370,206,256,106
Woodlawn,42,2011-2015,10394,2377,979,994,869,555,533,458,423,286,493,660,913,323,194,242,95
South Shore,43,1970,32102,#N/A,#N/A,#N/A,#N/A,#N/A,#N/A,#N/A,#N/A,#N/A,#N/A,#N/A,#N/A,#N/A,#N/A,#N/A,#N/A
South Shore,43,1980,31393,#N/A,#N/A,#N/A,#N/A,#N/A,#N/A,#N/A,#N/A,#N/A,#N/A,#N/A,#N/A,#N/A,#N/A,#N/A,#N/A
South Shore,43,1990,25253,7276,2399,2896,2363,2003,1645,1543,1011,857,1319,1000,593,174,54,120,#N/A
South Shore,43,2000,25711,5576,2046,1818,2113,2198,1801,1697,1489,1021,1713,1585,1459,579,279,192,145
South Shore,43,2008-2012,21700,4861,1914,1329,1423,1253,1283,1297,1138,763,1477,1854,1549,831,325,265,138
South Shore,43,2009-2013,21822,4928,1882,1664,1569,1226,1276,1039,1050,680,1431,1700,1634,927,393,244,179
South Shore,43,2010-2014,21416,4861,2004,1774,1566,1231,1126,1097,1050,563,1341,1803,1559,720,345,186,190
South Shore,43,2011-2015,21268,4971,1996,2126,1337,1072,1231,1118,926,432,1299,1720,1469,768,367,193,243
Chatham,44,1970,16442,#N/A,#N/A,#N/A,#N/A,#N/A,#N/A,#N/A,#N/A,#N/A,#N/A,#N/A,#N/A,#N/A,#N/A,#N/A,#N/A
Chatham,44,1980,16361,#N/A,#N/A,#N/A,#N/A,#N/A,#N/A,#N/A,#N/A,#N/A,#N/A,#N/A,#N/A,#N/A,#N/A,#N/A,#N/A
Chatham,44,1990,15349,3006,1434,1823,1717,1428,1248,899,900,633,917,581,566,119,46,32,#N/A
Chatham,44,2000,15750,2297,1178,1216,1395,1186,1191,1144,920,740,1197,1136,1054,659,134,121,182
Chatham,44,2008-2012,14098,2367,1242,1407,972,980,728,678,626,647,1151,1082,1064,471,289,296,98
Chatham,44,2009-2013,13692,2432,1130,1250,930,819,729,849,621,523,1004,1192,1046,477,281,332,77
Chatham,44,2010-2014,13469,2253,1095,1090,890,897,644,795,655,576,1017,1155,1130,541,293,332,106
Chatham,44,2011-2015,13545,2439,1081,1033,1014,946,584,870,523,565,1052,1082,1184,591,256,242,83
Avalon Park,45,1970,4121,#N/A,#N/A,#N/A,#N/A,#N/A,#N/A,#N/A,#N/A,#N/A,#N/A,#N/A,#N/A,#N/A,#N/A,#N/A,#N/A
Avalon Park,45,1980,4276,#N/A,#N/A,#N/A,#N/A,#N/A,#N/A,#N/A,#N/A,#N/A,#N/A,#N/A,#N/A,#N/A,#N/A,#N/A,#N/A
Avalon Park,45,1990,3935,513,283,296,239,357,299,293,287,201,362,376,320,75,23,11,#N/A
Avalon Park,45,2000,4050,300,270,212,278,271,243,251,227,185,379,501,522,254,84,38,35
Avalon Park,45,2008-2012,3871,406,248,260,241,137,276,197,156,170,252,357,443,398,165,127,38
Avalon Park,45,2009-2013,3940,478,236,223,281,77,255,173,206,228,195,296,509,418,202,120,43
Avalon Park,45,2010-2014,3844,422,184,244,296,123,249,199,222,239,222,250,506,318,214,108,48
Avalon Park,45,2011-2015,3790,565,223,247,379,117,169,146,185,226,259,274,353,252,241,122,32
South Chicago,46,1970,14747,#N/A,#N/A,#N/A,#N/A,#N/A,#N/A,#N/A,#N/A,#N/A,#N/A,#N/A,#N/A,#N/A,#N/A,#N/A,#N/A
South Chicago,46,1980,14379,#N/A,#N/A,#N/A,#N/A,#N/A,#N/A,#N/A,#N/A,#N/A,#N/A,#N/A,#N/A,#N/A,#N/A,#N/A,#N/A
South Chicago,46,1990,12594,2874,1342,1400,1138,998,1035,791,678,559,681,566,360,116,36,20,#N/A
South Chicago,46,2000,12586,2501,1117,1038,986,941,867,779,589,470,922,1049,708,311,121,94,93
South Chicago,46,2008-2012,10770,1703,1167,900,804,734,688,440,602,531,669,806,801,395,248,204,78
South Chicago,46,2009-2013,10555,1846,1261,749,827,626,709,444,723,481,526,804,782,398,83,216,80
South Chicago,46,2010-2014,10176,1687,1081,894,929,550,651,458,720,440,541,721,726,320,124,253,81
South Chicago,46,2011-2015,10190,1824,1001,782,1029,655,519,536,625,493,450,766,734,343,146,203,84
Burnside,47,1970,1017,#N/A,#N/A,#N/A,#N/A,#N/A,#N/A,#N/A,#N/A,#N/A,#N/A,#N/A,#N/A,#N/A,#N/A,#N/A,#N/A
Burnside,47,1980,1015,#N/A,#N/A,#N/A,#N/A,#N/A,#N/A,#N/A,#N/A,#N/A,#N/A,#N/A,#N/A,#N/A,#N/A,#N/A,#N/A
Burnside,47,1990,972,130,113,123,106,54,112,38,42,88,72,27,54,13,#N/A,#N/A,#N/A
Burnside,47,2000,958,159,65,70,37,68,83,62,34,26,98,117,66,32,4,37,#N/A
Burnside,47,2008-2012,1056,162,183,154,11,67,105,45,11,12,72,121,43,#N/A,29,21,20
Burnside,47,2009-2013,962,152,186,194,10,14,87,29,9,19,102,81,28,#N/A,16,14,21
Burnside,47,2010-2014,901,106,120,167,55,26,83,51,18,#N/A,107,47,40,48,#N/A,27,6
Burnside,47,2011-2015,887,137,122,146,53,30,63,104,24,#N/A,38,18,54,74,#N/A,21,3
Calumet Heights,48,1970,5985,#N/A,#N/A,#N/A,#N/A,#N/A,#N/A,#N/A,#N/A,#N/A,#N/A,#N/A,#N/A,#N/A,#N/A,#N/A,#N/A
Calumet Heights,48,1980,6167,#N/A,#N/A,#N/A,#N/A,#N/A,#N/A,#N/A,#N/A,#N/A,#N/A,#N/A,#N/A,#N/A,#N/A,#N/A,#N/A
Calumet Heights,48,1990,5809,500,287,320,412,526,519,466,405,285,627,680,494,197,71,20,#N/A
Calumet Heights,48,2000,5867,531,334,217,397,235,358,289,475,339,509,622,775,387,177,137,85
Calumet Heights,48,2008-2012,5586,352,193,290,261,352,214,148,342,318,575,569,845,488,175,304,160
Calumet Heights,48,2009-2013,5486,304,226,293,268,254,274,178,232,438,484,565,883,515,209,201,162
Calumet Heights,48,2010-2014,5325,298,245,278,330,222,279,249,243,376,516,468,823,484,234,165,115
Calumet Heights,48,2011-2015,5369,313,327,325,372,177,336,303,244,292,559,353,790,485,226,144,123
Roseland,49,1970,18994,#N/A,#N/A,#N/A,#N/A,#N/A,#N/A,#N/A,#N/A,#N/A,#N/A,#N/A,#N/A,#N/A,#N/A,#N/A,#N/A
Roseland,49,1980,18058,#N/A,#N/A,#N/A,#N/A,#N/A,#N/A,#N/A,#N/A,#N/A,#N/A,#N/A,#N/A,#N/A,#N/A,#N/A,#N/A
Roseland,49,1990,16929,2988,1432,1516,1459,1473,1253,1236,977,860,1391,1299,749,145,68,83,#N/A
Roseland,49,2000,16738,2106,1054,966,1159,1128,1264,1024,1023,1028,1319,1766,1629,776,216,180,100
Roseland,49,2008-2012,15524,1694,1124,1100,1336,1091,884,898,734,869,1415,1384,1416,746,436,235,162
Roseland,49,2009-2013,15057,1763,1143,939,1258,904,1112,829,725,735,1393,1486,1290,654,474,240,112
Roseland,49,2010-2014,14649,1977,1114,930,973,901,899,854,645,736,1355,1443,1306,781,370,287,78
Roseland,49,2011-2015,14332,1942,1062,1048,1057,826,840,872,625,727,1015,1325,1238,878,495,258,124
Pullman,50,1970,3532,#N/A,#N/A,#N/A,#N/A,#N/A,#N/A,#N/A,#N/A,#N/A,#N/A,#N/A,#N/A,#N/A,#N/A,#N/A,#N/A
Pullman,50,1980,3384,#N/A,#N/A,#N/A,#N/A,#N/A,#N/A,#N/A,#N/A,#N/A,#N/A,#N/A,#N/A,#N/A,#N/A,#N/A,#N/A
Pullman,50,1990,3325,648,247,330,418,268,249,227,162,192,214,221,125,12,12,#N/A,#N/A
Pullman,50,2000,3270,492,292,266,263,264,264,132,174,175,254,351,192,113,31,3,4
Pullman,50,2008-2012,2984,352,333,128,156,159,189,78,165,168,291,286,475,142,47,3,12
Pullman,50,2009-2013,2915,359,310,132,175,199,154,101,168,151,308,239,440,110,44,6,19
Pullman,50,2010-2014,2927,416,386,128,129,196,150,89,138,138,256,280,350,209,43,12,7
Pullman,50,2011-2015,2894,372,383,182,148,195,139,81,150,145,224,275,337,191,34,31,7
South Deering,51,1970,5545,#N/A,#N/A,#N/A,#N/A,#N/A,#N/A,#N/A,#N/A,#N/A,#N/A,#N/A,#N/A,#N/A,#N/A,#N/A,#N/A
South Deering,51,1980,5669,#N/A,#N/A,#N/A,#N/A,#N/A,#N/A,#N/A,#N/A,#N/A,#N/A,#N/A,#N/A,#N/A,#N/A,#N/A,#N/A
South Deering,51,1990,5487,904,345,587,440,640,423,437,498,223,358,374,192,45,8,13,#N/A
South Deering,51,2000,5608,918,302,441,332,389,438,320,320,263,419,605,406,262,56,60,77
South Deering,51,2008-2012,5332,911,455,383,458,356,226,200,353,153,358,625,500,192,103,42,17
South Deering,51,2009-2013,5050,837,366,466,417,364,253,175,356,142,388,522,455,137,103,50,19
South Deering,51,2010-2014,5002,825,387,382,368,357,251,257,332,152,319,501,439,212,127,70,23
South Deering,51,2011-2015,5068,875,351,470,288,267,279,357,317,214,315,515,371,248,89,64,48
East Side,52,1970,7757,#N/A,#N/A,#N/A,#N/A,#N/A,#N/A,#N/A,#N/A,#N/A,#N/A,#N/A,#N/A,#N/A,#N/A,#N/A,#N/A
East Side,52,1980,7436,#N/A,#N/A,#N/A,#N/A,#N/A,#N/A,#N/A,#N/A,#N/A,#N/A,#N/A,#N/A,#N/A,#N/A,#N/A,#N/A
East Side,52,1990,7071,1082,691,697,710,605,694,596,455,363,549,361,201,49,10,8,#N/A
East Side,52,2000,7320,696,534,400,536,481,524,514,504,558,678,829,651,239,60,49,67
East Side,52,2008-2012,6900,537,413,613,346,454,561,372,301,304,458,868,664,445,285,198,81
East Side,52,2009-2013,6777,540,327,548,412,449,483,389,373,318,488,815,697,471,156,245,66
East Side,52,2010-2014,6719,441,335,476,496,446,443,436,383,276,471,776,749,486,204,241,60
East Side,52,2011-2015,6810,516,336,443,411,563,409,453,399,302,503,656,904,435,227,152,101
West Pullman,53,1970,12184,#N/A,#N/A,#N/A,#N/A,#N/A,#N/A,#N/A,#N/A,#N/A,#N/A,#N/A,#N/A,#N/A,#N/A,#N/A,#N/A
West Pullman,53,1980,11732,#N/A,#N/A,#N/A,#N/A,#N/A,#N/A,#N/A,#N/A,#N/A,#N/A,#N/A,#N/A,#N/A,#N/A,#N/A,#N/A
West Pullman,53,1990,10718,1793,585,1033,746,882,958,906,635,604,1164,787,477,72,58,18,#N/A
West Pullman,53,2000,10688,1628,588,444,718,648,600,640,726,643,888,1023,1172,559,155,130,126
West Pullman,53,2008-2012,9375,1166,723,709,633,507,542,426,461,308,790,1074,993,532,192,197,122
West Pullman,53,2009-2013,9278,1290,508,851,770,514,636,484,467,344,692,848,982,465,180,138,109
West Pullman,53,2010-2014,9154,1392,606,894,646,479,676,399,415,320,731,838,935,383,196,130,114
West Pullman,53,2011-2015,9054,1345,613,912,685,475,639,372,393,304,720,797,918,394,202,173,112
Riverdale,54,1970,3377,#N/A,#N/A,#N/A,#N/A,#N/A,#N/A,#N/A,#N/A,#N/A,#N/A,#N/A,#N/A,#N/A,#N/A,#N/A,#N/A
Riverdale,54,1980,3393,#N/A,#N/A,#N/A,#N/A,#N/A,#N/A,#N/A,#N/A,#N/A,#N/A,#N/A,#N/A,#N/A,#N/A,#N/A,#N/A
Riverdale,54,1990,3133,1993,208,199,158,102,80,110,61,93,85,33,11,#N/A,#N/A,#N/A,#N/A
Riverdale,54,2000,2876,1175,372,248,204,169,129,81,120,86,127,80,40,22,13,5,5
Riverdale,54,2008-2012,2322,743,497,141,189,87,116,143,55,60,121,63,107,#N/A,#N/A,#N/A,#N/A
Riverdale,54,2009-2013,2293,720,532,186,205,130,87,82,43,35,105,70,98,#N/A,#N/A,#N/A,#N/A
Riverdale,54,2010-2014,2316,733,484,173,155,214,109,79,63,28,102,69,92,15,#N/A,#N/A,#N/A
Riverdale,54,2011-2015,2294,802,356,225,160,268,126,67,38,35,61,49,91,16,#N/A,#N/A,#N/A
Hegewisch,55,1970,3314,#N/A,#N/A,#N/A,#N/A,#N/A,#N/A,#N/A,#N/A,#N/A,#N/A,#N/A,#N/A,#N/A,#N/A,#N/A,#N/A
Hegewisch,55,1980,4157,#N/A,#N/A,#N/A,#N/A,#N/A,#N/A,#N/A,#N/A,#N/A,#N/A,#N/A,#N/A,#N/A,#N/A,#N/A,#N/A
Hegewisch,55,1990,3860,547,420,335,272,270,312,306,348,195,241,294,246,52,22,#N/A,#N/A
Hegewisch,55,2000,3809,257,247,302,247,202,271,230,197,209,376,488,416,237,52,60,18
Hegewisch,55,2008-2012,3694,346,236,157,246,252,257,197,151,169,194,325,518,260,89,212,85
Hegewisch,55,2009-2013,3601,374,244,162,169,293,152,195,145,107,251,360,505,276,111,214,43
Hegewisch,55,2010-2014,3549,355,201,231,158,243,142,183,175,88,253,358,478,296,96,260,32
Hegewisch,55,2011-2015,3539,355,255,179,159,272,150,87,184,122,221,289,486,453,37,259,31
Garfield Ridge,56,1970,12212,#N/A,#N/A,#N/A,#N/A,#N/A,#N/A,#N/A,#N/A,#N/A,#N/A,#N/A,#N/A,#N/A,#N/A,#N/A,#N/A
Garfield Ridge,56,1980,12624,#N/A,#N/A,#N/A,#N/A,#N/A,#N/A,#N/A,#N/A,#N/A,#N/A,#N/A,#N/A,#N/A,#N/A,#N/A,#N/A
Garfield Ridge,56,1990,12367,1734,1065,892,978,922,974,1026,885,783,998,1262,570,182,58,38,#N/A
Garfield Ridge,56,2000,12915,1155,834,923,742,758,568,736,683,612,1263,1304,1680,994,408,173,82
Garfield Ridge,56,2008-2012,11952,502,577,692,443,581,693,334,534,521,1046,1274,1863,1106,745,810,231
Garfield Ridge,56,2009-2013,11874,496,555,614,449,683,640,347,460,375,1038,1438,1874,1093,752,779,281
Garfield Ridge,56,2010-2014,11942,491,545,597,552,749,635,424,484,297,1025,1267,1565,1227,865,849,370
Garfield Ridge,56,2011-2015,12038,458,567,571,552,681,691,494,547,452,939,1198,1545,1316,820,812,395
Archer Heights,57,1970,3759,#N/A,#N/A,#N/A,#N/A,#N/A,#N/A,#N/A,#N/A,#N/A,#N/A,#N/A,#N/A,#N/A,#N/A,#N/A,#N/A
Archer Heights,57,1980,3689,#N/A,#N/A,#N/A,#N/A,#N/A,#N/A,#N/A,#N/A,#N/A,#N/A,#N/A,#N/A,#N/A,#N/A,#N/A,#N/A
Archer Heights,57,1990,3596,399,302,374,261,317,400,218,285,211,326,249,191,36,17,10,#N/A
Archer Heights,57,2000,4022,270,266,261,323,304,319,298,223,200,411,427,358,220,61,48,33
Archer Heights,57,2008-2012,3740,198,125,154,279,390,211,368,275,146,299,516,358,133,146,115,27
Archer Heights,57,2009-2013,3807,171,133,174,348,263,268,352,260,138,367,418,363,218,168,140,26
Archer Heights,57,2010-2014,3924,210,140,201,321,281,316,390,234,167,372,397,348,247,173,111,16
Archer Heights,57,2011-2015,3845,230,148,158,355,266,304,283,263,125,434,421,318,271,155,93,21
Brighton Park,58,1970,12451,#N/A,#N/A,#N/A,#N/A,#N/A,#N/A,#N/A,#N/A,#N/A,#N/A,#N/A,#N/A,#N/A,#N/A,#N/A,#N/A
Brighton Park,58,1980,12214,#N/A,#N/A,#N/A,#N/A,#N/A,#N/A,#N/A,#N/A,#N/A,#N/A,#N/A,#N/A,#N/A,#N/A,#N/A,#N/A
Brighton Park,58,1990,11592,1786,1090,1363,1368,1053,1032,884,693,514,774,579,364,44,35,13,#N/A
Brighton Park,58,2000,12461,1134,1023,982,1093,795,963,872,760,811,1249,1186,890,440,137,70,56
Brighton Park,58,2008-2012,11572,837,754,806,1050,1093,804,852,766,569,996,1291,880,413,271,133,57
Brighton Park,58,2009-2013,11720,872,730,844,1010,1237,886,926,877,683,889,1033,850,472,203,92,116
Brighton Park,58,2010-2014,11984,919,814,875,970,1383,901,862,922,673,889,1049,888,444,217,89,89
Brighton Park,58,2011-2015,12030,894,744,915,987,1302,981,891,939,613,950,1015,937,440,192,94,136
McKinley Park,59,1970,5116,#N/A,#N/A,#N/A,#N/A,#N/A,#N/A,#N/A,#N/A,#N/A,#N/A,#N/A,#N/A,#N/A,#N/A,#N/A,#N/A
McKinley Park,59,1980,4810,#N/A,#N/A,#N/A,#N/A,#N/A,#N/A,#N/A,#N/A,#N/A,#N/A,#N/A,#N/A,#N/A,#N/A,#N/A,#N/A
McKinley Park,59,1990,4626,701,397,503,526,446,449,394,275,212,304,237,145,30,7,#N/A,#N/A
McKinley Park,59,2000,5094,461,373,315,425,507,391,334,351,292,471,485,384,156,81,28,40
McKinley Park,59,2008-2012,5185,439,264,414,429,287,331,333,316,220,500,558,586,221,161,106,20
McKinley Park,59,2009-2013,5142,484,326,347,384,279,401,271,244,264,533,559,486,220,162,160,22
McKinley Park,59,2010-2014,5135,521,267,396,309,298,361,334,164,334,453,588,543,210,178,137,42
McKinley Park,59,2011-2015,5166,486,328,342,279,259,407,322,209,383,493,551,497,251,161,150,48
Bridgeport,60,1970,11543,#N/A,#N/A,#N/A,#N/A,#N/A,#N/A,#N/A,#N/A,#N/A,#N/A,#N/A,#N/A,#N/A,#N/A,#N/A,#N/A
Bridgeport,60,1980,11377,#N/A,#N/A,#N/A,#N/A,#N/A,#N/A,#N/A,#N/A,#N/A,#N/A,#N/A,#N/A,#N/A,#N/A,#N/A,#N/A
Bridgeport,60,1990,10791,2122,1026,1231,1003,1011,930,721,569,541,650,563,261,91,51,21,#N/A
Bridgeport,60,2000,12282,1611,922,874,853,827,968,717,519,605,1036,1101,1208,530,249,127,135
Bridgeport,60,2008-2012,12140,1019,876,906,878,679,677,632,456,574,950,1274,1433,692,341,422,331
Bridgeport,60,2009-2013,12056,1117,838,917,831,630,785,661,482,585,973,1083,1407,672,410,383,282
Bridgeport,60,2010-2014,12149,1161,878,794,790,746,877,641,514,549,897,1133,1435,636,421,386,291
Bridgeport,60,2011-2015,12536,1121,904,829,878,735,874,562,593,443,869,1223,1384,828,476,481,336
New City,61,1970,19286,#N/A,#N/A,#N/A,#N/A,#N/A,#N/A,#N/A,#N/A,#N/A,#N/A,#N/A,#N/A,#N/A,#N/A,#N/A,#N/A
New City,61,1980,17100,#N/A,#N/A,#N/A,#N/A,#N/A,#N/A,#N/A,#N/A,#N/A,#N/A,#N/A,#N/A,#N/A,#N/A,#N/A,#N/A
New City,61,1990,14272,4132,1491,1618,1366,1080,1003,820,699,615,632,525,229,36,17,9,#N/A
New City,61,2000,13977,3093,1246,1322,1177,1007,813,779,679,592,908,1021,687,370,92,55,136
New City,61,2008-2012,11621,1381,897,898,1016,982,1019,714,506,587,835,990,992,402,147,192,63
New City,61,2009-2013,11394,1315,814,1085,1019,1009,958,738,526,517,832,904,850,411,156,199,61
New City,61,2010-2014,11533,1422,836,1183,1148,1040,843,775,604,357,842,827,879,371,130,232,44
New City,61,2011-2015,11736,1457,823,1306,1067,1124,981,682,682,319,779,807,922,379,148,199,61
West Elsdon,62,1970,4560,#N/A,#N/A,#N/A,#N/A,#N/A,#N/A,#N/A,#N/A,#N/A,#N/A,#N/A,#N/A,#N/A,#N/A,#N/A,#N/A
West Elsdon,62,1980,4833,#N/A,#N/A,#N/A,#N/A,#N/A,#N/A,#N/A,#N/A,#N/A,#N/A,#N/A,#N/A,#N/A,#N/A,#N/A,#N/A
West Elsdon,62,1990,4889,536,395,464,470,476,477,381,442,218,388,347,215,60,#N/A,20,#N/A
West Elsdon,62,2000,5095,344,348,250,399,228,301,341,322,214,599,712,653,234,102,39,9
West Elsdon,62,2008-2012,5027,285,163,285,295,296,477,300,324,284,484,472,780,413,93,47,29
West Elsdon,62,2009-2013,5076,255,204,265,357,223,472,366,324,344,390,488,706,473,158,23,28
West Elsdon,62,2010-2014,5081,283,224,222,378,187,430,481,343,335,380,516,602,463,167,45,25
West Elsdon,62,2011-2015,5082,298,280,181,422,196,292,505,383,261,481,511,565,372,243,62,30
Gage Park,63,1970,9418,#N/A,#N/A,#N/A,#N/A,#N/A,#N/A,#N/A,#N/A,#N/A,#N/A,#N/A,#N/A,#N/A,#N/A,#N/A,#N/A
Gage Park,63,1980,9340,#N/A,#N/A,#N/A,#N/A,#N/A,#N/A,#N/A,#N/A,#N/A,#N/A,#N/A,#N/A,#N/A,#N/A,#N/A,#N/A
Gage Park,63,1990,8893,1311,722,803,928,720,849,660,640,555,847,444,282,66,33,33,#N/A
Gage Park,63,2000,9709,1117,684,691,727,733,676,702,548,648,946,829,879,298,102,77,52
Gage Park,63,2008-2012,9405,689,519,665,804,886,766,573,487,518,842,1063,827,461,159,114,32
Gage Park,63,2009-2013,9393,713,503,766,595,962,852,658,469,647,724,974,888,383,137,87,35
Gage Park,63,2010-2014,9451,717,494,848,713,802,758,669,532,594,775,961,929,359,191,89,20
Gage Park,63,2011-2015,9742,693,577,796,799,788,748,656,544,680,824,1020,933,347,207,98,32
Clearing,64,1970,7254,#N/A,#N/A,#N/A,#N/A,#N/A,#N/A,#N/A,#N/A,#N/A,#N/A,#N/A,#N/A,#N/A,#N/A,#N/A,#N/A
Clearing,64,1980,8067,#N/A,#N/A,#N/A,#N/A,#N/A,#N/A,#N/A,#N/A,#N/A,#N/A,#N/A,#N/A,#N/A,#N/A,#N/A,#N/A
Clearing,64,1990,8208,735,550,620,782,865,716,644,597,611,822,727,382,93,43,21,#N/A
Clearing,64,2000,8658,576,559,550,467,539,562,410,613,452,964,1132,984,525,214,77,34
Clearing,64,2008-2012,8389,361,335,614,476,435,297,260,377,353,1042,812,1338,842,419,295,133
Clearing,64,2009-2013,8362,363,280,622,481,454,354,264,291,362,918,848,1303,918,485,327,92
Clearing,64,2010-2014,8440,340,309,589,528,423,374,277,263,343,754,1054,1334,914,436,348,154
Clearing,64,2011-2015,8530,338,363,504,503,438,357,440,251,280,743,1154,1437,888,389,324,121
West Lawn,65,1970,5968,#N/A,#N/A,#N/A,#N/A,#N/A,#N/A,#N/A,#N/A,#N/A,#N/A,#N/A,#N/A,#N/A,#N/A,#N/A,#N/A
West Lawn,65,1980,8989,#N/A,#N/A,#N/A,#N/A,#N/A,#N/A,#N/A,#N/A,#N/A,#N/A,#N/A,#N/A,#N/A,#N/A,#N/A,#N/A
West Lawn,65,1990,8826,904,775,709,712,627,703,758,782,500,975,793,403,130,48,7,#N/A
West Lawn,65,2000,8955,619,501,353,532,588,581,598,503,472,1006,980,1133,623,294,113,59
West Lawn,65,2008-2012,9111,481,477,367,697,492,739,350,766,345,941,954,1278,665,231,257,71
West Lawn,65,2009-2013,8931,458,431,433,487,588,615,479,785,359,812,853,1389,659,276,220,87
West Lawn,65,2010-2014,9050,487,335,378,521,570,600,629,587,537,748,833,1437,716,368,257,47
West Lawn,65,2011-2015,9074,437,356,311,526,479,615,650,621,509,859,977,1389,750,313,213,69
Chicago Lawn,66,1970,18133,#N/A,#N/A,#N/A,#N/A,#N/A,#N/A,#N/A,#N/A,#N/A,#N/A,#N/A,#N/A,#N/A,#N/A,#N/A,#N/A
Chicago Lawn,66,1980,17600,#N/A,#N/A,#N/A,#N/A,#N/A,#N/A,#N/A,#N/A,#N/A,#N/A,#N/A,#N/A,#N/A,#N/A,#N/A,#N/A
Chicago Lawn,66,1990,16730,2899,1697,1795,1765,1320,1350,1099,976,796,1324,906,568,163,43,29,#N/A
Chicago Lawn,66,2000,17112,2244,1054,1133,1241,1285,1344,1163,1022,994,1574,1720,1452,479,216,112,79
Chicago Lawn,66,2008-2012,15416,1979,1047,1485,1031,1147,1137,982,729,797,1156,1358,1518,708,150,145,47
Chicago Lawn,66,2009-2013,15586,2025,980,1570,1027,1214,1227,976,886,772,1222,1140,1428,654,229,191,45
Chicago Lawn,66,2010-2014,15836,2340,1112,1559,1127,1116,1190,1034,906,602,1261,1146,1464,492,286,159,42
Chicago Lawn,66,2011-2015,15705,2283,1194,1379,1218,1068,1138,1019,996,667,1224,1098,1272,602,262,196,89
West Englewood,67,1970,17455,#N/A,#N/A,#N/A,#N/A,#N/A,#N/A,#N/A,#N/A,#N/A,#N/A,#N/A,#N/A,#N/A,#N/A,#N/A,#N/A
West Englewood,67,1980,16086,#N/A,#N/A,#N/A,#N/A,#N/A,#N/A,#N/A,#N/A,#N/A,#N/A,#N/A,#N/A,#N/A,#N/A,#N/A,#N/A
West Englewood,67,1990,13668,3688,1337,1210,1266,997,1048,892,764,638,863,552,321,67,#N/A,25,#N/A
West Englewood,67,2000,12351,2590,1153,1097,1054,753,819,642,691,454,1051,773,875,222,89,28,60
West Englewood,67,2008-2012,10364,1530,1110,1284,1020,820,600,684,486,382,613,767,645,276,87,22,38
West Englewood,67,2009-2013,10183,1573,1093,1196,1013,754,607,592,635,377,600,690,550,293,111,43,56
West Englewood,67,2010-2014,10036,1645,1040,1175,836,781,564,621,543,320,562,772,651,268,143,81,34
West Englewood,67,2011-2015,9744,1637,951,1148,826,646,602,657,529,328,567,727,640,208,146,94,38
Englewood,68,1970,23464,#N/A,#N/A,#N/A,#N/A,#N/A,#N/A,#N/A,#N/A,#N/A,#N/A,#N/A,#N/A,#N/A,#N/A,#N/A,#N/A
Englewood,68,1980,17787,#N/A,#N/A,#N/A,#N/A,#N/A,#N/A,#N/A,#N/A,#N/A,#N/A,#N/A,#N/A,#N/A,#N/A,#N/A,#N/A
Englewood,68,1990,14857,6137,1976,1511,1142,977,796,504,496,345,425,341,155,20,26,6,#N/A
Englewood,68,2000,12601,4094,1242,1167,1051,973,701,622,422,497,575,547,347,174,67,43,79
Englewood,68,2008-2012,9803,2800,1179,1124,774,519,518,398,244,430,514,469,514,143,65,19,93
Englewood,68,2009-2013,9518,2713,1169,1052,805,487,545,323,295,350,558,539,359,148,75,55,45
Englewood,68,2010-2014,9361,2734,1153,1002,751,436,645,302,332,327,600,427,287,201,94,26,44
Englewood,68,2011-2015,9103,2456,1249,872,743,554,579,346,348,440,499,351,362,178,53,37,36
Greater Grand Crossing,69,1970,17673,#N/A,#N/A,#N/A,#N/A,#N/A,#N/A,#N/A,#N/A,#N/A,#N/A,#N/A,#N/A,#N/A,#N/A,#N/A,#N/A
Greater Grand Crossing,69,1980,16968,#N/A,#N/A,#N/A,#N/A,#N/A,#N/A,#N/A,#N/A,#N/A,#N/A,#N/A,#N/A,#N/A,#N/A,#N/A,#N/A
Greater Grand Crossing,69,1990,14445,4297,1637,1698,1093,1114,1081,791,612,498,659,581,293,79,12,#N/A,#N/A
Greater Grand Crossing,69,2000,14376,3178,1231,1135,1114,856,1026,693,569,643,1238,1091,1031,243,156,101,71
Greater Grand Crossing,69,2008-2012,12605,2376,901,1174,1129,849,806,613,595,365,1145,825,879,465,156,163,164
Greater Grand Crossing,69,2009-2013,12095,2458,957,1174,1023,760,692,543,479,437,788,957,849,501,129,145,203
Greater Grand Crossing,69,2010-2014,12032,2455,1122,1186,1090,757,690,491,301,511,822,976,778,394,156,120,183
Greater Grand Crossing,69,2011-2015,11959,2506,1166,1138,938,764,718,492,374,422,760,998,836,423,146,160,118
Ashburn,70,1970,12657,#N/A,#N/A,#N/A,#N/A,#N/A,#N/A,#N/A,#N/A,#N/A,#N/A,#N/A,#N/A,#N/A,#N/A,#N/A,#N/A
Ashburn,70,1980,12817,#N/A,#N/A,#N/A,#N/A,#N/A,#N/A,#N/A,#N/A,#N/A,#N/A,#N/A,#N/A,#N/A,#N/A,#N/A,#N/A
Ashburn,70,1990,12742,844,827,763,915,760,1207,1234,1000,984,1559,1204,1071,274,65,35,#N/A
Ashburn,70,2000,12798,696,493,524,672,733,575,726,729,590,1592,2134,1833,899,363,170,69
Ashburn,70,2008-2012,12780,523,469,521,607,706,420,612,458,372,836,1631,2099,1659,885,787,195
Ashburn,70,2009-2013,12827,611,394,578,609,699,513,558,359,423,903,1578,2135,1598,890,748,231
Ashburn,70,2010-2014,12722,555,347,501,581,611,637,476,531,477,1042,1503,2198,1485,829,748,201
Ashburn,70,2011-2015,12823,531,422,628,557,630,741,466,478,573,1042,1442,2083,1459,848,709,214
Auburn Gresham,71,1970,20057,#N/A,#N/A,#N/A,#N/A,#N/A,#N/A,#N/A,#N/A,#N/A,#N/A,#N/A,#N/A,#N/A,#N/A,#N/A,#N/A
Auburn Gresham,71,1980,19260,#N/A,#N/A,#N/A,#N/A,#N/A,#N/A,#N/A,#N/A,#N/A,#N/A,#N/A,#N/A,#N/A,#N/A,#N/A,#N/A
Auburn Gresham,71,1990,18605,3415,1461,1875,1705,1497,1722,1173,1105,940,1450,1371,593,188,50,60,#N/A
Auburn Gresham,71,2000,18214,2817,1373,1295,1406,1104,1285,1044,1189,895,1605,1566,1418,732,187,138,160
Auburn Gresham,71,2008-2012,17173,2646,1530,1362,1623,1284,786,992,835,758,1501,1266,1395,494,322,263,116
Auburn Gresham,71,2009-2013,17315,2807,1423,1700,1644,1300,740,939,760,662,1418,1260,1412,585,285,245,135
Auburn Gresham,71,2010-2014,17158,2803,1438,1554,1608,1176,843,966,777,619,1413,1436,1248,496,378,287,116
Auburn Gresham,71,2011-2015,17150,2986,1551,1507,1411,1276,885,1008,706,600,1296,1543,1103,616,356,202,104
Beverly,72,1970,8065,#N/A,#N/A,#N/A,#N/A,#N/A,#N/A,#N/A,#N/A,#N/A,#N/A,#N/A,#N/A,#N/A,#N/A,#N/A,#N/A
Beverly,72,1980,7602,#N/A,#N/A,#N/A,#N/A,#N/A,#N/A,#N/A,#N/A,#N/A,#N/A,#N/A,#N/A,#N/A,#N/A,#N/A,#N/A
Beverly,72,1990,7743,444,362,301,402,375,542,486,599,483,1026,1048,859,459,114,243,#N/A
Beverly,72,2000,8038,316,207,205,303,294,335,338,458,306,648,1173,1247,910,502,445,351
Beverly,72,2008-2012,7705,278,128,217,207,181,194,167,249,288,457,844,1290,883,659,843,820
Beverly,72,2009-2013,7796,245,79,216,177,198,200,218,232,240,466,807,1259,918,725,970,846
Beverly,72,2010-2014,7526,211,95,207,191,147,215,302,289,190,448,635,1169,824,653,1032,918
Beverly,72,2011-2015,7492,273,90,189,137,222,228,303,238,235,515,616,1110,769,649,1099,819
Washington Heights,73,1970,9759,#N/A,#N/A,#N/A,#N/A,#N/A,#N/A,#N/A,#N/A,#N/A,#N/A,#N/A,#N/A,#N/A,#N/A,#N/A,#N/A
Washington Heights,73,1980,10114,#N/A,#N/A,#N/A,#N/A,#N/A,#N/A,#N/A,#N/A,#N/A,#N/A,#N/A,#N/A,#N/A,#N/A,#N/A,#N/A
Washington Heights,73,1990,9796,1062,642,876,711,825,926,879,758,524,944,992,417,152,58,30,#N/A
Washington Heights,73,2000,9823,963,491,582,518,659,756,517,637,436,1191,1121,1002,447,291,101,111
Washington Heights,73,2008-2012,9308,644,719,647,641,596,697,586,460,630,696,904,883,759,259,132,55
Washington Heights,73,2009-2013,9364,731,670,607,670,617,776,573,454,473,744,911,996,675,325,88,54
Washington Heights,73,2010-2014,9283,705,668,603,768,591,676,579,424,473,809,703,1110,651,332,152,39
Washington Heights,73,2011-2015,9501,697,550,647,703,595,708,502,428,478,800,795,1288,694,351,188,77
Mount Greenwood,74,1970,6310,#N/A,#N/A,#N/A,#N/A,#N/A,#N/A,#N/A,#N/A,#N/A,#N/A,#N/A,#N/A,#N/A,#N/A,#N/A,#N/A
Mount Greenwood,74,1980,6684,#N/A,#N/A,#N/A,#N/A,#N/A,#N/A,#N/A,#N/A,#N/A,#N/A,#N/A,#N/A,#N/A,#N/A,#N/A,#N/A
Mount Greenwood,74,1990,6881,610,462,403,531,420,505,486,496,453,880,951,476,163,37,8,#N/A
Mount Greenwood,74,2000,6903,286,275,315,253,234,308,301,434,415,803,1050,1183,653,235,91,67
Mount Greenwood,74,2008-2012,6589,174,82,180,219,125,260,174,180,130,260,779,1335,1075,577,806,233
Mount Greenwood,74,2009-2013,6461,195,142,173,174,177,230,174,166,55,355,768,1193,1026,644,735,254
Mount Greenwood,74,2010-2014,6416,240,143,180,133,163,171,253,155,122,283,747,1049,1058,727,724,268
Mount Greenwood,74,2011-2015,6457,273,122,183,170,167,149,218,157,126,347,731,1007,1148,764,656,239
Morgan Park,75,1970,8857,#N/A,#N/A,#N/A,#N/A,#N/A,#N/A,#N/A,#N/A,#N/A,#N/A,#N/A,#N/A,#N/A,#N/A,#N/A,#N/A
Morgan Park,75,1980,8792,#N/A,#N/A,#N/A,#N/A,#N/A,#N/A,#N/A,#N/A,#N/A,#N/A,#N/A,#N/A,#N/A,#N/A,#N/A,#N/A
Morgan Park,75,1990,8490,1018,591,570,561,728,607,600,626,622,827,942,501,122,118,57,#N/A
Morgan Park,75,2000,8524,647,390,562,418,453,397,434,330,320,871,1036,1268,689,332,249,128
Morgan Park,75,2008-2012,8009,644,361,332,310,579,223,284,408,234,557,782,1067,1065,468,447,248
Morgan Park,75,2009-2013,7982,567,359,374,269,505,267,330,336,246,551,791,1154,992,379,580,282
Morgan Park,75,2010-2014,7947,582,427,334,493,403,301,264,303,270,521,761,1313,862,328,504,281
Morgan Park,75,2011-2015,8130,521,462,293,515,395,364,354,356,205,561,752,1192,927,393,500,340
O'Hare,76,1970,#N/A,#N/A,#N/A,#N/A,#N/A,#N/A,#N/A,#N/A,#N/A,#N/A,#N/A,#N/A,#N/A,#N/A,#N/A,#N/A,#N/A
O'Hare,76,1980,5467,#N/A,#N/A,#N/A,#N/A,#N/A,#N/A,#N/A,#N/A,#N/A,#N/A,#N/A,#N/A,#N/A,#N/A,#N/A,#N/A
O'Hare,76,1990,5661,372,396,460,455,579,513,499,465,463,526,493,309,66,10,55,#N/A
O'Hare,76,2000,5914,412,388,320,291,345,419,446,457,427,687,675,493,327,114,41,72
O'Hare,76,2008-2012,6108,462,277,431,381,469,271,291,463,185,479,503,1170,345,195,145,41
O'Hare,76,2009-2013,6075,521,322,461,416,375,341,271,399,215,462,609,950,306,226,134,67
O'Hare,76,2010-2014,6116,520,371,459,555,355,357,230,312,177,486,710,913,273,184,151,63
O'Hare,76,2011-2015,6215,500,504,424,589,282,294,194,281,174,592,695,986,289,151,190,70
Edgewater,77,1970,28820,#N/A,#N/A,#N/A,#N/A,#N/A,#N/A,#N/A,#N/A,#N/A,#N/A,#N/A,#N/A,#N/A,#N/A,#N/A,#N/A
Edgewater,77,1980,29249,#N/A,#N/A,#N/A,#N/A,#N/A,#N/A,#N/A,#N/A,#N/A,#N/A,#N/A,#N/A,#N/A,#N/A,#N/A,#N/A
Edgewater,77,1990,30128,5549,3017,3411,3060,2854,1997,1913,1675,1040,2028,1779,948,369,126,362,#N/A
Edgewater,77,2000,30918,4271,2400,1741,2148,2273,2265,2100,1977,1406,2538,2871,2306,1305,481,360,476
Edgewater,77,2008-2012,29110,3568,2173,1637,1470,1767,1601,1681,1243,1100,1677,2895,3127,1838,1283,1048,1002
Edgewater,77,2009-2013,28739,3319,2004,1546,1537,1757,1535,1613,1231,1149,2037,2755,3113,1610,1226,1196,1111
Edgewater,77,2010-2014,28669,3262,1963,1730,1233,1689,1479,1622,1513,864,2117,2638,3133,1721,1259,1283,1163
Edgewater,77,2011-2015,28675,2805,2030,1830,1413,1641,1473,1425,1536,786,2330,2729,3352,1645,1158,1305,1217